1,1,0,0,-1,-1,-1,-1,-1
2,1,0,1,-1,-1,-1,-1,-1
3,1,0,2,-1,-1,-1,-1,-1
4,1,0,3,-1,-1,-1,-1,-1
5,1,0,4,-1,-1,-1,-1,-1
6,1,0,5,-1,-1,-1,-1,-1
7,1,0,6,-1,-1,-1,-1,-1
8,1,0,7,-1,-1,-1,-1,-1
9,1,0,8,-1,-1,-1,-1,-1
10,1,0,9,-1,-1,-1,-1,-1
11,1,0,10,-1,-1,-1,-1,-1
12,1,0,11,-1,-1,-1,-1,-1
13,1,0,12,-1,-1,-1,-1,-1
14,1,0,13,-1,-1,-1,-1,-1
15,1,0,14,-1,-1,-1,-1,-1
16,1,0,15,-1,-1,-1,-1,-1
17,1,0,16,-1,-1,-1,-1,-1
18,1,0,17,-1,-1,-1,-1,-1
19,1,0,18,-1,-1,-1,-1,-1
20,1,0,19,-1,-1,-1,-1,-1
21,1,0,20,-1,-1,-1,-1,-1
22,1,0,21,-1,-1,-1,-1,-1
23,1,0,22,-1,-1,-1,-1,-1
24,1,0,23,-1,-1,-1,-1,-1
25,1,0,24,-1,-1,-1,-1,-1
26,1,0,25,-1,-1,-1,-1,-1
27,1,0,26,-1,-1,-1,-1,-1
28,1,0,27,-1,-1,-1,-1,-1
29,1,0,28,-1,-1,-1,-1,-1
30,1,0,29,-1,-1,-1,-1,-1
31,1,0,30,-1,-1,-1,-1,-1
32,1,0,31,-1,-1,-1,-1,-1
33,1,0,32,-1,-1,-1,-1,-1
34,1,0,33,-1,-1,-1,-1,-1
35,1,0,34,-1,-1,-1,-1,-1
36,1,0,35,-1,-1,-1,-1,-1
37,1,0,36,-1,-1,-1,-1,-1
38,1,0,37,-1,-1,-1,-1,-1
39,1,0,38,-1,-1,-1,-1,-1
40,1,0,39,-1,-1,-1,-1,-1
41,1,0,40,-1,-1,-1,-1,-1
42,1,0,41,-1,-1,-1,-1,-1
43,1,0,42,-1,-1,-1,-1,-1
44,1,0,43,-1,-1,-1,-1,-1
45,1,0,44,-1,-1,-1,-1,-1
46,1,0,45,-1,-1,-1,-1,-1
47,1,0,46,-1,-1,-1,-1,-1
48,1,0,47,-1,-1,-1,-1,-1
49,1,0,48,-1,-1,-1,-1,-1
50,1,0,49,-1,-1,-1,-1,-1
51,1,0,50,-1,-1,-1,-1,-1
52,1,0,51,-1,-1,-1,-1,-1
53,1,0,52,-1,-1,-1,-1,-1
54,1,0,53,-1,-1,-1,-1,-1
55,1,0,54,-1,-1,-1,-1,-1
56,1,0,55,-1,-1,-1,-1,-1
57,1,0,56,-1,-1,-1,-1,-1
58,1,0,57,-1,-1,-1,-1,-1
59,1,0,58,-1,-1,-1,-1,-1
60,1,0,59,-1,-1,-1,-1,-1
61,1,0,60,-1,-1,-1,-1,-1
62,1,0,61,-1,-1,-1,-1,-1
63,1,0,62,-1,-1,-1,-1,-1
64,1,0,63,-1,-1,-1,-1,-1
65,1,0,64,-1,-1,-1,-1,-1
66,1,0,65,-1,-1,-1,-1,-1
67,1,0,66,-1,-1,-1,-1,-1
68,1,0,67,-1,-1,-1,-1,-1
69,1,0,68,-1,-1,-1,-1,-1
70,1,0,69,-1,-1,-1,-1,-1
71,1,0,70,-1,-1,-1,-1,-1
72,1,0,71,-1,-1,-1,-1,-1
73,1,0,72,-1,-1,-1,-1,-1
74,1,0,73,-1,-1,-1,-1,-1
75,1,0,74,-1,-1,-1,-1,-1
76,1,0,75,-1,-1,-1,-1,-1
77,1,0,76,-1,-1,-1,-1,-1
78,1,0,77,-1,-1,-1,-1,-1
79,1,0,78,-1,-1,-1,-1,-1
80,1,0,79,-1,-1,-1,-1,-1
81,1,0,80,-1,-1,-1,-1,-1
82,1,0,81,-1,-1,-1,-1,-1
83,1,0,82,-1,-1,-1,-1,-1
84,1,0,83,-1,-1,-1,-1,-1
85,1,0,84,-1,-1,-1,-1,-1
86,1,0,85,-1,-1,-1,-1,-1
87,1,0,86,-1,-1,-1,-1,-1
88,1,0,87,-1,-1,-1,-1,-1
89,1,0,88,-1,-1,-1,-1,-1
90,1,0,89,-1,-1,-1,-1,-1
91,1,0,90,-1,-1,-1,-1,-1
92,1,0,91,-1,-1,-1,-1,-1
93,1,0,92,-1,-1,-1,-1,-1
94,1,0,93,-1,-1,-1,-1,-1
95,1,0,94,-1,-1,-1,-1,-1
96,1,0,95,-1,-1,-1,-1,-1
97,1,0,96,-1,-1,-1,-1,-1
98,1,0,97,-1,-1,-1,-1,-1
99,1,0,98,-1,-1,-1,-1,-1
100,1,0,99,-1,-1,-1,-1,-1
101,1,0,100,-1,-1,-1,-1,-1
102,1,0,101,-1,-1,-1,-1,-1
103,1,0,102,-1,-1,-1,-1,-1
104,1,0,103,-1,-1,-1,-1,-1
105,1,0,104,-1,-1,-1,-1,-1
106,1,0,105,-1,-1,-1,-1,-1
107,1,0,106,-1,-1,-1,-1,-1
108,1,0,107,-1,-1,-1,-1,-1
109,1,0,108,-1,-1,-1,-1,-1
110,1,0,109,-1,-1,-1,-1,-1
111,1,0,110,-1,-1,-1,-1,-1
112,1,0,111,-1,-1,-1,-1,-1
113,1,0,112,-1,-1,-1,-1,-1
114,1,0,113,-1,-1,-1,-1,-1
115,1,0,114,-1,-1,-1,-1,-1
116,1,0,115,-1,-1,-1,-1,-1
117,1,0,116,-1,-1,-1,-1,-1
118,1,0,117,-1,-1,-1,-1,-1
119,1,0,118,-1,-1,-1,-1,-1
120,1,0,119,-1,-1,-1,-1,-1
121,1,0,120,-1,-1,-1,-1,-1
122,1,0,121,-1,-1,-1,-1,-1
123,1,0,122,-1,-1,-1,-1,-1
124,1,0,123,-1,-1,-1,-1,-1
125,1,0,124,-1,-1,-1,-1,-1
126,1,0,125,-1,-1,-1,-1,-1
127,1,0,126,-1,-1,-1,-1,-1
128,1,0,127,-1,-1,-1,-1,-1
129,1,0,128,-1,-1,-1,-1,-1
130,1,0,129,-1,-1,-1,-1,-1
131,1,0,130,-1,-1,-1,-1,-1
132,1,0,131,-1,-1,-1,-1,-1
133,1,1,0,-1,-1,-1,-1,-1
134,1,1,1,-1,-1,-1,-1,-1
135,1,1,2,-1,-1,-1,-1,-1
136,1,1,3,-1,-1,-1,-1,-1
137,1,1,4,-1,-1,-1,-1,-1
138,1,1,5,-1,-1,-1,-1,-1
139,1,1,6,-1,-1,-1,-1,-1
140,1,1,7,-1,-1,-1,-1,-1
141,1,1,8,-1,-1,-1,-1,-1
142,1,1,9,-1,-1,-1,-1,-1
143,1,1,10,-1,-1,-1,-1,-1
144,1,1,11,-1,-1,-1,-1,-1
145,1,1,12,-1,-1,-1,-1,-1
146,1,1,13,-1,-1,-1,-1,-1
147,1,1,14,-1,-1,-1,-1,-1
148,1,1,15,-1,-1,-1,-1,-1
149,1,1,16,-1,-1,-1,-1,-1
150,1,1,17,-1,-1,-1,-1,-1
151,1,1,18,-1,-1,-1,-1,-1
152,1,1,19,-1,-1,-1,-1,-1
153,1,1,20,-1,-1,-1,-1,-1
154,1,1,21,-1,-1,-1,-1,-1
155,1,1,22,-1,-1,-1,-1,-1
156,1,1,23,-1,-1,-1,-1,-1
157,1,1,24,-1,-1,-1,-1,-1
158,1,1,25,-1,-1,-1,-1,-1
159,1,1,26,-1,-1,-1,-1,-1
160,1,1,27,-1,-1,-1,-1,-1
161,1,1,28,-1,-1,-1,-1,-1
162,1,1,29,-1,-1,-1,-1,-1
163,1,1,30,-1,-1,-1,-1,-1
164,1,1,31,-1,-1,-1,-1,-1
165,1,1,32,-1,-1,-1,-1,-1
166,1,1,33,-1,-1,-1,-1,-1
167,1,1,34,-1,-1,-1,-1,-1
168,1,1,35,-1,-1,-1,-1,-1
169,1,1,36,-1,-1,-1,-1,-1
170,1,1,37,-1,-1,-1,-1,-1
171,1,1,38,-1,-1,-1,-1,-1
172,1,1,39,-1,-1,-1,-1,-1
173,1,1,40,-1,-1,-1,-1,-1
174,1,1,41,-1,-1,-1,-1,-1
175,1,1,42,-1,-1,-1,-1,-1
176,1,1,43,-1,-1,-1,-1,-1
177,1,1,44,-1,-1,-1,-1,-1
178,1,1,45,-1,-1,-1,-1,-1
179,1,1,46,-1,-1,-1,-1,-1
180,1,1,47,-1,-1,-1,-1,-1
181,1,1,48,-1,-1,-1,-1,-1
182,1,1,49,-1,-1,-1,-1,-1
183,1,1,50,-1,-1,-1,-1,-1
184,1,1,51,-1,-1,-1,-1,-1
185,1,1,52,-1,-1,-1,-1,-1
186,1,1,53,-1,-1,-1,-1,-1
187,1,1,54,-1,-1,-1,-1,-1
188,1,1,55,-1,-1,-1,-1,-1
189,1,1,56,-1,-1,-1,-1,-1
190,1,1,57,-1,-1,-1,-1,-1
191,1,1,58,-1,-1,-1,-1,-1
192,1,1,59,-1,-1,-1,-1,-1
193,1,1,60,-1,-1,-1,-1,-1
194,1,1,61,-1,-1,-1,-1,-1
195,1,1,62,-1,-1,-1,-1,-1
196,1,1,63,-1,-1,-1,-1,-1
197,1,1,64,-1,-1,-1,-1,-1
198,1,1,65,-1,-1,-1,-1,-1
199,1,1,66,-1,-1,-1,-1,-1
200,1,1,67,-1,-1,-1,-1,-1
201,1,1,68,-1,-1,-1,-1,-1
202,1,1,69,-1,-1,-1,-1,-1
203,1,1,70,-1,-1,-1,-1,-1
204,1,1,71,-1,-1,-1,-1,-1
205,1,1,72,-1,-1,-1,-1,-1
206,1,1,73,-1,-1,-1,-1,-1
207,1,1,74,-1,-1,-1,-1,-1
208,1,1,75,-1,-1,-1,-1,-1
209,1,1,76,-1,-1,-1,-1,-1
210,1,1,77,-1,-1,-1,-1,-1
211,1,1,78,-1,-1,-1,-1,-1
212,1,1,79,-1,-1,-1,-1,-1
213,1,1,80,-1,-1,-1,-1,-1
214,1,1,81,-1,-1,-1,-1,-1
215,1,1,82,-1,-1,-1,-1,-1
216,1,1,83,-1,-1,-1,-1,-1
217,1,1,84,-1,-1,-1,-1,-1
218,1,1,85,-1,-1,-1,-1,-1
219,1,1,86,-1,-1,-1,-1,-1
220,1,1,87,-1,-1,-1,-1,-1
221,1,1,88,-1,-1,-1,-1,-1
222,1,1,89,-1,-1,-1,-1,-1
223,1,1,90,-1,-1,-1,-1,-1
224,1,1,91,-1,-1,-1,-1,-1
225,1,1,92,-1,-1,-1,-1,-1
226,1,1,93,-1,-1,-1,-1,-1
227,1,1,94,-1,-1,-1,-1,-1
228,1,1,95,-1,-1,-1,-1,-1
229,1,1,96,-1,-1,-1,-1,-1
230,1,1,97,-1,-1,-1,-1,-1
231,1,1,98,-1,-1,-1,-1,-1
232,1,1,99,-1,-1,-1,-1,-1
233,1,1,100,-1,-1,-1,-1,-1
234,1,1,101,-1,-1,-1,-1,-1
235,1,1,102,-1,-1,-1,-1,-1
236,1,1,103,-1,-1,-1,-1,-1
237,1,1,104,-1,-1,-1,-1,-1
238,1,1,105,-1,-1,-1,-1,-1
239,1,1,106,-1,-1,-1,-1,-1
240,1,1,107,-1,-1,-1,-1,-1
241,1,1,108,-1,-1,-1,-1,-1
242,1,1,109,-1,-1,-1,-1,-1
243,1,1,110,-1,-1,-1,-1,-1
244,1,1,111,-1,-1,-1,-1,-1
245,1,1,112,-1,-1,-1,-1,-1
246,1,1,113,-1,-1,-1,-1,-1
247,1,1,114,-1,-1,-1,-1,-1
248,1,1,115,-1,-1,-1,-1,-1
249,1,1,116,-1,-1,-1,-1,-1
250,1,1,117,-1,-1,-1,-1,-1
251,1,1,118,-1,-1,-1,-1,-1
252,1,1,119,-1,-1,-1,-1,-1
253,1,1,120,-1,-1,-1,-1,-1
254,1,1,121,-1,-1,-1,-1,-1
255,1,1,122,-1,-1,-1,-1,-1
256,1,1,123,-1,-1,-1,-1,-1
257,1,1,124,-1,-1,-1,-1,-1
258,1,1,125,-1,-1,-1,-1,-1
259,1,1,126,-1,-1,-1,-1,-1
260,1,1,127,-1,-1,-1,-1,-1
261,1,1,128,-1,-1,-1,-1,-1
262,1,1,129,-1,-1,-1,-1,-1
263,1,1,130,-1,-1,-1,-1,-1
264,1,1,131,-1,-1,-1,-1,-1
265,1,2,0,-1,-1,-1,-1,-1
266,1,2,1,-1,-1,-1,-1,-1
267,1,2,2,-1,-1,-1,-1,-1
268,1,2,3,-1,-1,-1,-1,-1
269,1,2,4,-1,-1,-1,-1,-1
270,1,2,5,-1,-1,-1,-1,-1
271,1,2,6,-1,-1,-1,-1,-1
272,1,2,7,-1,-1,-1,-1,-1
273,1,2,8,-1,-1,-1,-1,-1
274,1,2,9,-1,-1,-1,-1,-1
275,1,2,10,-1,-1,-1,-1,-1
276,1,2,11,-1,-1,-1,-1,-1
277,1,2,12,-1,-1,-1,-1,-1
278,1,2,13,-1,-1,-1,-1,-1
279,1,2,14,-1,-1,-1,-1,-1
280,1,2,15,-1,-1,-1,-1,-1
281,1,2,16,-1,-1,-1,-1,-1
282,1,2,17,-1,-1,-1,-1,-1
283,1,2,18,-1,-1,-1,-1,-1
284,1,2,19,-1,-1,-1,-1,-1
285,1,2,20,-1,-1,-1,-1,-1
286,1,2,21,-1,-1,-1,-1,-1
287,1,2,22,-1,-1,-1,-1,-1
288,1,2,23,-1,-1,-1,-1,-1
289,1,2,24,-1,-1,-1,-1,-1
290,1,2,25,-1,-1,-1,-1,-1
291,1,2,26,-1,-1,-1,-1,-1
292,1,2,27,-1,-1,-1,-1,-1
293,1,2,28,-1,-1,-1,-1,-1
294,1,2,29,-1,-1,-1,-1,-1
295,1,2,30,-1,-1,-1,-1,-1
296,1,2,31,-1,-1,-1,-1,-1
297,1,2,32,-1,-1,-1,-1,-1
298,1,2,33,-1,-1,-1,-1,-1
299,1,2,34,-1,-1,-1,-1,-1
300,1,2,35,-1,-1,-1,-1,-1
301,1,2,36,-1,-1,-1,-1,-1
302,1,2,37,-1,-1,-1,-1,-1
303,1,2,38,-1,-1,-1,-1,-1
304,1,2,39,-1,-1,-1,-1,-1
305,1,2,40,-1,-1,-1,-1,-1
306,1,2,41,-1,-1,-1,-1,-1
307,1,2,42,-1,-1,-1,-1,-1
308,1,2,43,-1,-1,-1,-1,-1
309,1,2,44,-1,-1,-1,-1,-1
310,1,2,45,-1,-1,-1,-1,-1
311,1,2,46,-1,-1,-1,-1,-1
312,1,2,47,-1,-1,-1,-1,-1
313,1,2,48,-1,-1,-1,-1,-1
314,1,2,49,-1,-1,-1,-1,-1
315,1,2,50,-1,-1,-1,-1,-1
316,1,2,51,-1,-1,-1,-1,-1
317,1,2,52,-1,-1,-1,-1,-1
318,1,2,53,-1,-1,-1,-1,-1
319,1,2,54,-1,-1,-1,-1,-1
320,1,2,55,-1,-1,-1,-1,-1
321,1,2,56,-1,-1,-1,-1,-1
322,1,2,57,-1,-1,-1,-1,-1
323,1,2,58,-1,-1,-1,-1,-1
324,1,2,59,-1,-1,-1,-1,-1
325,1,2,60,-1,-1,-1,-1,-1
326,1,2,61,-1,-1,-1,-1,-1
327,1,2,62,-1,-1,-1,-1,-1
328,1,2,63,-1,-1,-1,-1,-1
329,1,2,64,-1,-1,-1,-1,-1
330,1,2,65,-1,-1,-1,-1,-1
331,1,2,66,-1,-1,-1,-1,-1
332,1,2,67,-1,-1,-1,-1,-1
333,1,2,68,-1,-1,-1,-1,-1
334,1,2,69,-1,-1,-1,-1,-1
335,1,2,70,-1,-1,-1,-1,-1
336,1,2,71,-1,-1,-1,-1,-1
337,1,2,72,-1,-1,-1,-1,-1
338,1,2,73,-1,-1,-1,-1,-1
339,1,2,74,-1,-1,-1,-1,-1
340,1,2,75,-1,-1,-1,-1,-1
341,1,2,76,-1,-1,-1,-1,-1
342,1,2,77,-1,-1,-1,-1,-1
343,1,2,78,-1,-1,-1,-1,-1
344,1,2,79,-1,-1,-1,-1,-1
345,1,2,80,-1,-1,-1,-1,-1
346,1,2,81,-1,-1,-1,-1,-1
347,1,2,82,-1,-1,-1,-1,-1
348,1,2,83,-1,-1,-1,-1,-1
349,1,2,84,-1,-1,-1,-1,-1
350,1,2,85,-1,-1,-1,-1,-1
351,1,2,86,-1,-1,-1,-1,-1
352,1,2,87,-1,-1,-1,-1,-1
353,1,2,88,-1,-1,-1,-1,-1
354,1,2,89,-1,-1,-1,-1,-1
355,1,2,90,-1,-1,-1,-1,-1
356,1,2,91,-1,-1,-1,-1,-1
357,1,2,92,-1,-1,-1,-1,-1
358,1,2,93,-1,-1,-1,-1,-1
359,1,2,94,-1,-1,-1,-1,-1
360,1,2,95,-1,-1,-1,-1,-1
361,1,2,96,-1,-1,-1,-1,-1
362,1,2,97,-1,-1,-1,-1,-1
363,1,2,98,-1,-1,-1,-1,-1
364,1,2,99,-1,-1,-1,-1,-1
365,1,2,100,-1,-1,-1,-1,-1
366,1,2,101,-1,-1,-1,-1,-1
367,1,2,102,-1,-1,-1,-1,-1
368,1,2,103,-1,-1,-1,-1,-1
369,1,2,104,-1,-1,-1,-1,-1
370,1,2,105,-1,-1,-1,-1,-1
371,1,2,106,-1,-1,-1,-1,-1
372,1,2,107,-1,-1,-1,-1,-1
373,1,2,108,-1,-1,-1,-1,-1
374,1,2,109,-1,-1,-1,-1,-1
375,1,2,110,-1,-1,-1,-1,-1
376,1,2,111,-1,-1,-1,-1,-1
377,1,2,112,-1,-1,-1,-1,-1
378,1,2,113,-1,-1,-1,-1,-1
379,1,2,114,-1,-1,-1,-1,-1
380,1,2,115,-1,-1,-1,-1,-1
381,1,2,116,-1,-1,-1,-1,-1
382,1,2,117,-1,-1,-1,-1,-1
383,1,2,118,-1,-1,-1,-1,-1
384,1,2,119,-1,-1,-1,-1,-1
385,1,2,120,-1,-1,-1,-1,-1
386,1,2,121,-1,-1,-1,-1,-1
387,1,2,122,-1,-1,-1,-1,-1
388,1,2,123,-1,-1,-1,-1,-1
389,1,2,124,-1,-1,-1,-1,-1
390,1,2,125,-1,-1,-1,-1,-1
391,1,2,126,-1,-1,-1,-1,-1
392,1,2,127,-1,-1,-1,-1,-1
393,1,2,128,-1,-1,-1,-1,-1
394,1,2,129,-1,-1,-1,-1,-1
395,1,2,130,-1,-1,-1,-1,-1
396,1,2,131,-1,-1,-1,-1,-1
397,1,3,0,-1,-1,-1,-1,-1
398,1,3,1,-1,-1,-1,-1,-1
399,1,3,2,-1,-1,-1,-1,-1
400,1,3,3,-1,-1,-1,-1,-1
401,1,3,4,-1,-1,-1,-1,-1
402,1,3,5,-1,-1,-1,-1,-1
403,1,3,6,-1,-1,-1,-1,-1
404,1,3,7,-1,-1,-1,-1,-1
405,1,3,8,-1,-1,-1,-1,-1
406,1,3,9,-1,-1,-1,-1,-1
407,1,3,10,-1,-1,-1,-1,-1
408,1,3,11,-1,-1,-1,-1,-1
409,1,3,12,-1,-1,-1,-1,-1
410,1,3,13,-1,-1,-1,-1,-1
411,1,3,14,-1,-1,-1,-1,-1
412,1,3,15,-1,-1,-1,-1,-1
413,1,3,16,-1,-1,-1,-1,-1
414,1,3,17,-1,-1,-1,-1,-1
415,1,3,18,-1,-1,-1,-1,-1
416,1,3,19,-1,-1,-1,-1,-1
417,1,3,20,-1,-1,-1,-1,-1
418,1,3,21,-1,-1,-1,-1,-1
419,1,3,22,-1,-1,-1,-1,-1
420,1,3,23,-1,-1,-1,-1,-1
421,1,3,24,-1,-1,-1,-1,-1
422,1,3,25,-1,-1,-1,-1,-1
423,1,3,26,-1,-1,-1,-1,-1
424,1,3,27,-1,-1,-1,-1,-1
425,1,3,28,-1,-1,-1,-1,-1
426,1,3,29,-1,-1,-1,-1,-1
427,1,3,30,-1,-1,-1,-1,-1
428,1,3,31,-1,-1,-1,-1,-1
429,1,3,32,-1,-1,-1,-1,-1
430,1,3,33,-1,-1,-1,-1,-1
431,1,3,34,-1,-1,-1,-1,-1
432,1,3,35,-1,-1,-1,-1,-1
433,1,3,36,-1,-1,-1,-1,-1
434,1,3,37,-1,-1,-1,-1,-1
435,1,3,38,-1,-1,-1,-1,-1
436,1,3,39,-1,-1,-1,-1,-1
437,1,3,40,-1,-1,-1,-1,-1
438,1,3,41,-1,-1,-1,-1,-1
439,1,3,42,-1,-1,-1,-1,-1
440,1,3,43,-1,-1,-1,-1,-1
441,1,3,44,-1,-1,-1,-1,-1
442,1,3,45,-1,-1,-1,-1,-1
443,1,3,46,-1,-1,-1,-1,-1
444,1,3,47,-1,-1,-1,-1,-1
445,1,3,48,-1,-1,-1,-1,-1
446,1,3,49,-1,-1,-1,-1,-1
447,1,3,50,-1,-1,-1,-1,-1
448,1,3,51,-1,-1,-1,-1,-1
449,1,3,52,-1,-1,-1,-1,-1
450,1,3,53,-1,-1,-1,-1,-1
451,1,3,54,-1,-1,-1,-1,-1
452,1,3,55,-1,-1,-1,-1,-1
453,1,3,56,-1,-1,-1,-1,-1
454,1,3,57,-1,-1,-1,-1,-1
455,1,3,58,-1,-1,-1,-1,-1
456,1,3,59,-1,-1,-1,-1,-1
457,1,3,60,-1,-1,-1,-1,-1
458,1,3,61,-1,-1,-1,-1,-1
459,1,3,62,-1,-1,-1,-1,-1
460,1,3,63,-1,-1,-1,-1,-1
461,1,3,64,-1,-1,-1,-1,-1
462,1,3,65,-1,-1,-1,-1,-1
463,1,3,66,-1,-1,-1,-1,-1
464,1,3,67,-1,-1,-1,-1,-1
465,1,3,68,-1,-1,-1,-1,-1
466,1,3,69,-1,-1,-1,-1,-1
467,1,3,70,-1,-1,-1,-1,-1
468,1,3,71,-1,-1,-1,-1,-1
469,1,3,72,-1,-1,-1,-1,-1
470,1,3,73,-1,-1,-1,-1,-1
471,1,3,74,-1,-1,-1,-1,-1
472,1,3,75,-1,-1,-1,-1,-1
473,1,3,76,-1,-1,-1,-1,-1
474,1,3,77,-1,-1,-1,-1,-1
475,1,3,78,-1,-1,-1,-1,-1
476,1,3,79,-1,-1,-1,-1,-1
477,1,3,80,-1,-1,-1,-1,-1
478,1,3,81,-1,-1,-1,-1,-1
479,1,3,82,-1,-1,-1,-1,-1
480,1,3,83,-1,-1,-1,-1,-1
481,1,3,84,-1,-1,-1,-1,-1
482,1,3,85,-1,-1,-1,-1,-1
483,1,3,86,-1,-1,-1,-1,-1
484,1,3,87,-1,-1,-1,-1,-1
485,1,3,88,-1,-1,-1,-1,-1
486,1,3,89,-1,-1,-1,-1,-1
487,1,3,90,-1,-1,-1,-1,-1
488,1,3,91,-1,-1,-1,-1,-1
489,1,3,92,-1,-1,-1,-1,-1
490,1,3,93,-1,-1,-1,-1,-1
491,1,3,94,-1,-1,-1,-1,-1
492,1,3,95,-1,-1,-1,-1,-1
493,1,3,96,-1,-1,-1,-1,-1
494,1,3,97,-1,-1,-1,-1,-1
495,1,3,98,-1,-1,-1,-1,-1
496,1,3,99,-1,-1,-1,-1,-1
497,1,3,100,-1,-1,-1,-1,-1
498,1,3,101,-1,-1,-1,-1,-1
499,1,3,102,-1,-1,-1,-1,-1
500,1,3,103,-1,-1,-1,-1,-1
501,1,3,104,-1,-1,-1,-1,-1
502,1,3,105,-1,-1,-1,-1,-1
503,1,3,106,-1,-1,-1,-1,-1
504,1,3,107,-1,-1,-1,-1,-1
505,1,3,108,-1,-1,-1,-1,-1
506,1,3,109,-1,-1,-1,-1,-1
507,1,3,110,-1,-1,-1,-1,-1
508,1,3,111,-1,-1,-1,-1,-1
509,1,3,112,-1,-1,-1,-1,-1
510,1,3,113,-1,-1,-1,-1,-1
511,1,3,114,-1,-1,-1,-1,-1
512,1,3,115,-1,-1,-1,-1,-1
513,1,3,116,-1,-1,-1,-1,-1
514,1,3,117,-1,-1,-1,-1,-1
515,1,3,118,-1,-1,-1,-1,-1
516,1,3,119,-1,-1,-1,-1,-1
517,1,3,120,-1,-1,-1,-1,-1
518,1,3,121,-1,-1,-1,-1,-1
519,1,3,122,-1,-1,-1,-1,-1
520,1,3,123,-1,-1,-1,-1,-1
521,1,3,124,-1,-1,-1,-1,-1
522,1,3,125,-1,-1,-1,-1,-1
523,1,3,126,-1,-1,-1,-1,-1
524,1,3,127,-1,-1,-1,-1,-1
525,1,3,128,-1,-1,-1,-1,-1
526,1,3,129,-1,-1,-1,-1,-1
527,1,3,130,-1,-1,-1,-1,-1
528,1,3,131,-1,-1,-1,-1,-1
529,1,4,0,-1,-1,-1,-1,-1
530,1,4,1,-1,-1,-1,-1,-1
531,1,4,2,-1,-1,-1,-1,-1
532,1,4,3,-1,-1,-1,-1,-1
533,1,4,4,-1,-1,-1,-1,-1
534,1,4,5,-1,-1,-1,-1,-1
535,1,4,6,-1,-1,-1,-1,-1
536,1,4,7,-1,-1,-1,-1,-1
537,1,4,8,-1,-1,-1,-1,-1
538,1,4,9,-1,-1,-1,-1,-1
539,1,4,10,-1,-1,-1,-1,-1
540,1,4,11,-1,-1,-1,-1,-1
541,1,4,12,-1,-1,-1,-1,-1
542,1,4,13,-1,-1,-1,-1,-1
543,1,4,14,-1,-1,-1,-1,-1
544,1,4,15,-1,-1,-1,-1,-1
545,1,4,16,-1,-1,-1,-1,-1
546,1,4,17,-1,-1,-1,-1,-1
547,1,4,18,-1,-1,-1,-1,-1
548,1,4,19,-1,-1,-1,-1,-1
549,1,4,20,-1,-1,-1,-1,-1
550,1,4,21,-1,-1,-1,-1,-1
551,1,4,22,-1,-1,-1,-1,-1
552,1,4,23,-1,-1,-1,-1,-1
553,1,4,24,-1,-1,-1,-1,-1
554,1,4,25,-1,-1,-1,-1,-1
555,1,4,26,-1,-1,-1,-1,-1
556,1,4,27,-1,-1,-1,-1,-1
557,1,4,28,-1,-1,-1,-1,-1
558,1,4,29,-1,-1,-1,-1,-1
559,1,4,30,-1,-1,-1,-1,-1
560,1,4,31,-1,-1,-1,-1,-1
561,1,4,32,-1,-1,-1,-1,-1
562,1,4,33,-1,-1,-1,-1,-1
563,1,4,34,-1,-1,-1,-1,-1
564,1,4,35,-1,-1,-1,-1,-1
565,1,4,36,-1,-1,-1,-1,-1
566,1,4,37,-1,-1,-1,-1,-1
567,1,4,38,-1,-1,-1,-1,-1
568,1,4,39,-1,-1,-1,-1,-1
569,1,4,40,-1,-1,-1,-1,-1
570,1,4,41,-1,-1,-1,-1,-1
571,1,4,42,-1,-1,-1,-1,-1
572,1,4,43,-1,-1,-1,-1,-1
573,1,4,44,-1,-1,-1,-1,-1
574,1,4,45,-1,-1,-1,-1,-1
575,1,4,46,-1,-1,-1,-1,-1
576,1,4,47,-1,-1,-1,-1,-1
577,1,4,48,-1,-1,-1,-1,-1
578,1,4,49,-1,-1,-1,-1,-1
579,1,4,50,-1,-1,-1,-1,-1
580,1,4,51,-1,-1,-1,-1,-1
581,1,4,52,-1,-1,-1,-1,-1
582,1,4,53,-1,-1,-1,-1,-1
583,1,4,54,-1,-1,-1,-1,-1
584,1,4,55,-1,-1,-1,-1,-1
585,1,4,56,-1,-1,-1,-1,-1
586,1,4,57,-1,-1,-1,-1,-1
587,1,4,58,-1,-1,-1,-1,-1
588,1,4,59,-1,-1,-1,-1,-1
589,1,4,60,-1,-1,-1,-1,-1
590,1,4,61,-1,-1,-1,-1,-1
591,1,4,62,-1,-1,-1,-1,-1
592,1,4,63,-1,-1,-1,-1,-1
593,1,4,64,-1,-1,-1,-1,-1
594,1,4,65,-1,-1,-1,-1,-1
595,1,4,66,-1,-1,-1,-1,-1
596,1,4,67,-1,-1,-1,-1,-1
597,1,4,68,-1,-1,-1,-1,-1
598,1,4,69,-1,-1,-1,-1,-1
599,1,4,70,-1,-1,-1,-1,-1
600,1,4,71,-1,-1,-1,-1,-1
601,1,4,72,-1,-1,-1,-1,-1
602,1,4,73,-1,-1,-1,-1,-1
603,1,4,74,-1,-1,-1,-1,-1
604,1,4,75,-1,-1,-1,-1,-1
605,1,4,76,-1,-1,-1,-1,-1
606,1,4,77,-1,-1,-1,-1,-1
607,1,4,78,-1,-1,-1,-1,-1
608,1,4,79,-1,-1,-1,-1,-1
609,1,4,80,-1,-1,-1,-1,-1
610,1,4,81,-1,-1,-1,-1,-1
611,1,4,82,-1,-1,-1,-1,-1
612,1,4,83,-1,-1,-1,-1,-1
613,1,4,84,-1,-1,-1,-1,-1
614,1,4,85,-1,-1,-1,-1,-1
615,1,4,86,-1,-1,-1,-1,-1
616,1,4,87,-1,-1,-1,-1,-1
617,1,4,88,-1,-1,-1,-1,-1
618,1,4,89,-1,-1,-1,-1,-1
619,1,4,90,-1,-1,-1,-1,-1
620,1,4,91,-1,-1,-1,-1,-1
621,1,4,92,-1,-1,-1,-1,-1
622,1,4,93,-1,-1,-1,-1,-1
623,1,4,94,-1,-1,-1,-1,-1
624,1,4,95,-1,-1,-1,-1,-1
625,1,4,96,-1,-1,-1,-1,-1
626,1,4,97,-1,-1,-1,-1,-1
627,1,4,98,-1,-1,-1,-1,-1
628,1,4,99,-1,-1,-1,-1,-1
629,1,4,100,-1,-1,-1,-1,-1
630,1,4,101,-1,-1,-1,-1,-1
631,1,4,102,-1,-1,-1,-1,-1
632,1,4,103,-1,-1,-1,-1,-1
633,1,4,104,-1,-1,-1,-1,-1
634,1,4,105,-1,-1,-1,-1,-1
635,1,4,106,-1,-1,-1,-1,-1
636,1,4,107,-1,-1,-1,-1,-1
637,1,4,108,-1,-1,-1,-1,-1
638,1,4,109,-1,-1,-1,-1,-1
639,1,4,110,-1,-1,-1,-1,-1
640,1,4,111,-1,-1,-1,-1,-1
641,1,4,112,-1,-1,-1,-1,-1
642,1,4,113,-1,-1,-1,-1,-1
643,1,4,114,-1,-1,-1,-1,-1
644,1,4,115,-1,-1,-1,-1,-1
645,1,4,116,-1,-1,-1,-1,-1
646,1,4,117,-1,-1,-1,-1,-1
647,1,4,118,-1,-1,-1,-1,-1
648,1,4,119,-1,-1,-1,-1,-1
649,1,4,120,-1,-1,-1,-1,-1
650,1,4,121,-1,-1,-1,-1,-1
651,1,4,122,-1,-1,-1,-1,-1
652,1,4,123,-1,-1,-1,-1,-1
653,1,4,124,-1,-1,-1,-1,-1
654,1,4,125,-1,-1,-1,-1,-1
655,1,4,126,-1,-1,-1,-1,-1
656,1,4,127,-1,-1,-1,-1,-1
657,1,4,128,-1,-1,-1,-1,-1
658,1,4,129,-1,-1,-1,-1,-1
659,1,4,130,-1,-1,-1,-1,-1
660,1,4,131,-1,-1,-1,-1,-1
661,1,5,0,-1,-1,-1,-1,-1
662,1,5,1,-1,-1,-1,-1,-1
663,1,5,2,-1,-1,-1,-1,-1
664,1,5,3,-1,-1,-1,-1,-1
665,1,5,4,-1,-1,-1,-1,-1
666,1,5,5,-1,-1,-1,-1,-1
667,1,5,6,-1,-1,-1,-1,-1
668,1,5,7,-1,-1,-1,-1,-1
669,1,5,8,-1,-1,-1,-1,-1
670,1,5,9,-1,-1,-1,-1,-1
671,1,5,10,-1,-1,-1,-1,-1
672,1,5,11,-1,-1,-1,-1,-1
673,1,5,12,-1,-1,-1,-1,-1
674,1,5,13,-1,-1,-1,-1,-1
675,1,5,14,-1,-1,-1,-1,-1
676,1,5,15,-1,-1,-1,-1,-1
677,1,5,16,-1,-1,-1,-1,-1
678,1,5,17,-1,-1,-1,-1,-1
679,1,5,18,-1,-1,-1,-1,-1
680,1,5,19,-1,-1,-1,-1,-1
681,1,5,20,-1,-1,-1,-1,-1
682,1,5,21,-1,-1,-1,-1,-1
683,1,5,22,-1,-1,-1,-1,-1
684,1,5,23,-1,-1,-1,-1,-1
685,1,5,24,-1,-1,-1,-1,-1
686,1,5,25,-1,-1,-1,-1,-1
687,1,5,26,-1,-1,-1,-1,-1
688,1,5,27,-1,-1,-1,-1,-1
689,1,5,28,-1,-1,-1,-1,-1
690,1,5,29,-1,-1,-1,-1,-1
691,1,5,30,-1,-1,-1,-1,-1
692,1,5,31,-1,-1,-1,-1,-1
693,1,5,32,-1,-1,-1,-1,-1
694,1,5,33,-1,-1,-1,-1,-1
695,1,5,34,-1,-1,-1,-1,-1
696,1,5,35,-1,-1,-1,-1,-1
697,1,5,36,-1,-1,-1,-1,-1
698,1,5,37,-1,-1,-1,-1,-1
699,1,5,38,-1,-1,-1,-1,-1
700,1,5,39,-1,-1,-1,-1,-1
701,1,5,40,-1,-1,-1,-1,-1
702,1,5,41,-1,-1,-1,-1,-1
703,1,5,42,-1,-1,-1,-1,-1
704,1,5,43,-1,-1,-1,-1,-1
705,1,5,44,-1,-1,-1,-1,-1
706,1,5,45,-1,-1,-1,-1,-1
707,1,5,46,-1,-1,-1,-1,-1
708,1,5,47,-1,-1,-1,-1,-1
709,1,5,48,-1,-1,-1,-1,-1
710,1,5,49,-1,-1,-1,-1,-1
711,1,5,50,-1,-1,-1,-1,-1
712,1,5,51,-1,-1,-1,-1,-1
713,1,5,52,-1,-1,-1,-1,-1
714,1,5,53,-1,-1,-1,-1,-1
715,1,5,54,-1,-1,-1,-1,-1
716,1,5,55,-1,-1,-1,-1,-1
717,1,5,56,-1,-1,-1,-1,-1
718,1,5,57,-1,-1,-1,-1,-1
719,1,5,58,-1,-1,-1,-1,-1
720,1,5,59,-1,-1,-1,-1,-1
721,1,5,60,-1,-1,-1,-1,-1
722,1,5,61,-1,-1,-1,-1,-1
723,1,5,62,-1,-1,-1,-1,-1
724,1,5,63,-1,-1,-1,-1,-1
725,1,5,64,-1,-1,-1,-1,-1
726,1,5,65,-1,-1,-1,-1,-1
727,1,5,66,-1,-1,-1,-1,-1
728,1,5,67,-1,-1,-1,-1,-1
729,1,5,68,-1,-1,-1,-1,-1
730,1,5,69,-1,-1,-1,-1,-1
731,1,5,70,-1,-1,-1,-1,-1
732,1,5,71,-1,-1,-1,-1,-1
733,1,5,72,-1,-1,-1,-1,-1
734,1,5,73,-1,-1,-1,-1,-1
735,1,5,74,-1,-1,-1,-1,-1
736,1,5,75,-1,-1,-1,-1,-1
737,1,5,76,-1,-1,-1,-1,-1
738,1,5,77,-1,-1,-1,-1,-1
739,1,5,78,-1,-1,-1,-1,-1
740,1,5,79,-1,-1,-1,-1,-1
741,1,5,80,-1,-1,-1,-1,-1
742,1,5,81,-1,-1,-1,-1,-1
743,1,5,82,-1,-1,-1,-1,-1
744,1,5,83,-1,-1,-1,-1,-1
745,1,5,84,-1,-1,-1,-1,-1
746,1,5,85,-1,-1,-1,-1,-1
747,1,5,86,-1,-1,-1,-1,-1
748,1,5,87,-1,-1,-1,-1,-1
749,1,5,88,-1,-1,-1,-1,-1
750,1,5,89,-1,-1,-1,-1,-1
751,1,5,90,-1,-1,-1,-1,-1
752,1,5,91,-1,-1,-1,-1,-1
753,1,5,92,-1,-1,-1,-1,-1
754,1,5,93,-1,-1,-1,-1,-1
755,1,5,94,-1,-1,-1,-1,-1
756,1,5,95,-1,-1,-1,-1,-1
757,1,5,96,-1,-1,-1,-1,-1
758,1,5,97,-1,-1,-1,-1,-1
759,1,5,98,-1,-1,-1,-1,-1
760,1,5,99,-1,-1,-1,-1,-1
761,1,5,100,-1,-1,-1,-1,-1
762,1,5,101,-1,-1,-1,-1,-1
763,1,5,102,-1,-1,-1,-1,-1
764,1,5,103,-1,-1,-1,-1,-1
765,1,5,104,-1,-1,-1,-1,-1
766,1,5,105,-1,-1,-1,-1,-1
767,1,5,106,-1,-1,-1,-1,-1
768,1,5,107,-1,-1,-1,-1,-1
769,1,5,108,-1,-1,-1,-1,-1
770,1,5,109,-1,-1,-1,-1,-1
771,1,5,110,-1,-1,-1,-1,-1
772,1,5,111,-1,-1,-1,-1,-1
773,1,5,112,-1,-1,-1,-1,-1
774,1,5,113,-1,-1,-1,-1,-1
775,1,5,114,-1,-1,-1,-1,-1
776,1,5,115,-1,-1,-1,-1,-1
777,1,5,116,-1,-1,-1,-1,-1
778,1,5,117,-1,-1,-1,-1,-1
779,1,5,118,-1,-1,-1,-1,-1
780,1,5,119,-1,-1,-1,-1,-1
781,1,5,120,-1,-1,-1,-1,-1
782,1,5,121,-1,-1,-1,-1,-1
783,1,5,122,-1,-1,-1,-1,-1
784,1,5,123,-1,-1,-1,-1,-1
785,1,5,124,-1,-1,-1,-1,-1
786,1,5,125,-1,-1,-1,-1,-1
787,1,5,126,-1,-1,-1,-1,-1
788,1,5,127,-1,-1,-1,-1,-1
789,1,5,128,-1,-1,-1,-1,-1
790,1,5,129,-1,-1,-1,-1,-1
791,1,5,130,-1,-1,-1,-1,-1
792,1,5,131,-1,-1,-1,-1,-1
793,1,6,0,-1,-1,-1,-1,-1
794,1,6,1,-1,-1,-1,-1,-1
795,1,6,2,-1,-1,-1,-1,-1
796,1,6,3,-1,-1,-1,-1,-1
797,1,6,4,-1,-1,-1,-1,-1
798,1,6,5,-1,-1,-1,-1,-1
799,1,6,6,-1,-1,-1,-1,-1
800,1,6,7,-1,-1,-1,-1,-1
801,1,6,8,-1,-1,-1,-1,-1
802,1,6,9,-1,-1,-1,-1,-1
803,1,6,10,-1,-1,-1,-1,-1
804,1,6,11,-1,-1,-1,-1,-1
805,1,6,12,-1,-1,-1,-1,-1
806,1,6,13,-1,-1,-1,-1,-1
807,1,6,14,-1,-1,-1,-1,-1
808,1,6,15,-1,-1,-1,-1,-1
809,1,6,16,-1,-1,-1,-1,-1
810,1,6,17,-1,-1,-1,-1,-1
811,1,6,18,-1,-1,-1,-1,-1
812,1,6,19,-1,-1,-1,-1,-1
813,1,6,20,-1,-1,-1,-1,-1
814,1,6,21,-1,-1,-1,-1,-1
815,1,6,22,-1,-1,-1,-1,-1
816,1,6,23,-1,-1,-1,-1,-1
817,1,6,24,-1,-1,-1,-1,-1
818,1,6,25,-1,-1,-1,-1,-1
819,1,6,26,-1,-1,-1,-1,-1
820,1,6,27,-1,-1,-1,-1,-1
821,1,6,28,-1,-1,-1,-1,-1
822,1,6,29,-1,-1,-1,-1,-1
823,1,6,30,-1,-1,-1,-1,-1
824,1,6,31,-1,-1,-1,-1,-1
825,1,6,32,-1,-1,-1,-1,-1
826,1,6,33,-1,-1,-1,-1,-1
827,1,6,34,-1,-1,-1,-1,-1
828,1,6,35,-1,-1,-1,-1,-1
829,1,6,36,-1,-1,-1,-1,-1
830,1,6,37,-1,-1,-1,-1,-1
831,1,6,38,-1,-1,-1,-1,-1
832,1,6,39,-1,-1,-1,-1,-1
833,1,6,40,-1,-1,-1,-1,-1
834,1,6,41,-1,-1,-1,-1,-1
835,1,6,42,-1,-1,-1,-1,-1
836,1,6,43,-1,-1,-1,-1,-1
837,1,6,44,-1,-1,-1,-1,-1
838,1,6,45,-1,-1,-1,-1,-1
839,1,6,46,-1,-1,-1,-1,-1
840,1,6,47,-1,-1,-1,-1,-1
841,1,6,48,-1,-1,-1,-1,-1
842,1,6,49,-1,-1,-1,-1,-1
843,1,6,50,-1,-1,-1,-1,-1
844,1,6,51,-1,-1,-1,-1,-1
845,1,6,52,-1,-1,-1,-1,-1
846,1,6,53,-1,-1,-1,-1,-1
847,1,6,54,-1,-1,-1,-1,-1
848,1,6,55,-1,-1,-1,-1,-1
849,1,6,56,-1,-1,-1,-1,-1
850,1,6,57,-1,-1,-1,-1,-1
851,1,6,58,-1,-1,-1,-1,-1
852,1,6,59,-1,-1,-1,-1,-1
853,1,6,60,-1,-1,-1,-1,-1
854,1,6,61,-1,-1,-1,-1,-1
855,1,6,62,-1,-1,-1,-1,-1
856,1,6,63,-1,-1,-1,-1,-1
857,1,6,64,-1,-1,-1,-1,-1
858,1,6,65,-1,-1,-1,-1,-1
859,1,6,66,-1,-1,-1,-1,-1
860,1,6,67,-1,-1,-1,-1,-1
861,1,6,68,-1,-1,-1,-1,-1
862,1,6,69,-1,-1,-1,-1,-1
863,1,6,70,-1,-1,-1,-1,-1
864,1,6,71,-1,-1,-1,-1,-1
865,1,6,72,-1,-1,-1,-1,-1
866,1,6,73,-1,-1,-1,-1,-1
867,1,6,74,-1,-1,-1,-1,-1
868,1,6,75,-1,-1,-1,-1,-1
869,1,6,76,-1,-1,-1,-1,-1
870,1,6,77,-1,-1,-1,-1,-1
871,1,6,78,-1,-1,-1,-1,-1
872,1,6,79,-1,-1,-1,-1,-1
873,1,6,80,-1,-1,-1,-1,-1
874,1,6,81,-1,-1,-1,-1,-1
875,1,6,82,-1,-1,-1,-1,-1
876,1,6,83,-1,-1,-1,-1,-1
877,1,6,84,-1,-1,-1,-1,-1
878,1,6,85,-1,-1,-1,-1,-1
879,1,6,86,-1,-1,-1,-1,-1
880,1,6,87,-1,-1,-1,-1,-1
881,1,6,88,-1,-1,-1,-1,-1
882,1,6,89,-1,-1,-1,-1,-1
883,1,6,90,-1,-1,-1,-1,-1
884,1,6,91,-1,-1,-1,-1,-1
885,1,6,92,-1,-1,-1,-1,-1
886,1,6,93,-1,-1,-1,-1,-1
887,1,6,94,-1,-1,-1,-1,-1
888,1,6,95,-1,-1,-1,-1,-1
889,1,6,96,-1,-1,-1,-1,-1
890,1,6,97,-1,-1,-1,-1,-1
891,1,6,98,-1,-1,-1,-1,-1
892,1,6,99,-1,-1,-1,-1,-1
893,1,6,100,-1,-1,-1,-1,-1
894,1,6,101,-1,-1,-1,-1,-1
895,1,6,102,-1,-1,-1,-1,-1
896,1,6,103,-1,-1,-1,-1,-1
897,1,6,104,-1,-1,-1,-1,-1
898,1,6,105,-1,-1,-1,-1,-1
899,1,6,106,-1,-1,-1,-1,-1
900,1,6,107,-1,-1,-1,-1,-1
901,1,6,108,-1,-1,-1,-1,-1
902,1,6,109,-1,-1,-1,-1,-1
903,1,6,110,-1,-1,-1,-1,-1
904,1,6,111,-1,-1,-1,-1,-1
905,1,6,112,-1,-1,-1,-1,-1
906,1,6,113,-1,-1,-1,-1,-1
907,1,6,114,-1,-1,-1,-1,-1
908,1,6,115,-1,-1,-1,-1,-1
909,1,6,116,-1,-1,-1,-1,-1
910,1,6,117,-1,-1,-1,-1,-1
911,1,6,118,-1,-1,-1,-1,-1
912,1,6,119,-1,-1,-1,-1,-1
913,1,6,120,-1,-1,-1,-1,-1
914,1,6,121,-1,-1,-1,-1,-1
915,1,6,122,-1,-1,-1,-1,-1
916,1,6,123,-1,-1,-1,-1,-1
917,1,6,124,-1,-1,-1,-1,-1
918,1,6,125,-1,-1,-1,-1,-1
919,1,6,126,-1,-1,-1,-1,-1
920,1,6,127,-1,-1,-1,-1,-1
921,1,6,128,-1,-1,-1,-1,-1
922,1,6,129,-1,-1,-1,-1,-1
923,1,6,130,-1,-1,-1,-1,-1
924,1,6,131,-1,-1,-1,-1,-1
925,1,7,0,-1,-1,-1,-1,-1
926,1,7,1,-1,-1,-1,-1,-1
927,1,7,2,-1,-1,-1,-1,-1
928,1,7,3,-1,-1,-1,-1,-1
929,1,7,4,-1,-1,-1,-1,-1
930,1,7,5,-1,-1,-1,-1,-1
931,1,7,6,-1,-1,-1,-1,-1
932,1,7,7,-1,-1,-1,-1,-1
933,1,7,8,-1,-1,-1,-1,-1
934,1,7,9,-1,-1,-1,-1,-1
935,1,7,10,-1,-1,-1,-1,-1
936,1,7,11,-1,-1,-1,-1,-1
937,1,7,12,-1,-1,-1,-1,-1
938,1,7,13,-1,-1,-1,-1,-1
939,1,7,14,-1,-1,-1,-1,-1
940,1,7,15,-1,-1,-1,-1,-1
941,1,7,16,-1,-1,-1,-1,-1
942,1,7,17,-1,-1,-1,-1,-1
943,1,7,18,-1,-1,-1,-1,-1
944,1,7,19,-1,-1,-1,-1,-1
945,1,7,20,-1,-1,-1,-1,-1
946,1,7,21,-1,-1,-1,-1,-1
947,1,7,22,-1,-1,-1,-1,-1
948,1,7,23,-1,-1,-1,-1,-1
949,1,7,24,-1,-1,-1,-1,-1
950,1,7,25,-1,-1,-1,-1,-1
951,1,7,26,-1,-1,-1,-1,-1
952,1,7,27,-1,-1,-1,-1,-1
953,1,7,28,-1,-1,-1,-1,-1
954,1,7,29,-1,-1,-1,-1,-1
955,1,7,30,-1,-1,-1,-1,-1
956,1,7,31,-1,-1,-1,-1,-1
957,1,7,32,-1,-1,-1,-1,-1
958,1,7,33,-1,-1,-1,-1,-1
959,1,7,34,-1,-1,-1,-1,-1
960,1,7,35,-1,-1,-1,-1,-1
961,1,7,36,-1,-1,-1,-1,-1
962,1,7,37,-1,-1,-1,-1,-1
963,1,7,38,-1,-1,-1,-1,-1
964,1,7,39,-1,-1,-1,-1,-1
965,1,7,40,-1,-1,-1,-1,-1
966,1,7,41,-1,-1,-1,-1,-1
967,1,7,42,-1,-1,-1,-1,-1
968,1,7,43,-1,-1,-1,-1,-1
969,1,7,44,-1,-1,-1,-1,-1
970,1,7,45,-1,-1,-1,-1,-1
971,1,7,46,-1,-1,-1,-1,-1
972,1,7,47,-1,-1,-1,-1,-1
973,1,7,48,-1,-1,-1,-1,-1
974,1,7,49,-1,-1,-1,-1,-1
975,1,7,50,-1,-1,-1,-1,-1
976,1,7,51,-1,-1,-1,-1,-1
977,1,7,52,-1,-1,-1,-1,-1
978,1,7,53,-1,-1,-1,-1,-1
979,1,7,54,-1,-1,-1,-1,-1
980,1,7,55,-1,-1,-1,-1,-1
981,1,7,56,-1,-1,-1,-1,-1
982,1,7,57,-1,-1,-1,-1,-1
983,1,7,58,-1,-1,-1,-1,-1
984,1,7,59,-1,-1,-1,-1,-1
985,1,7,60,-1,-1,-1,-1,-1
986,1,7,61,-1,-1,-1,-1,-1
987,1,7,62,-1,-1,-1,-1,-1
988,1,7,63,-1,-1,-1,-1,-1
989,1,7,64,-1,-1,-1,-1,-1
990,1,7,65,-1,-1,-1,-1,-1
991,1,7,66,-1,-1,-1,-1,-1
992,1,7,67,-1,-1,-1,-1,-1
993,1,7,68,-1,-1,-1,-1,-1
994,1,7,69,-1,-1,-1,-1,-1
995,1,7,70,-1,-1,-1,-1,-1
996,1,7,71,-1,-1,-1,-1,-1
997,1,7,72,-1,-1,-1,-1,-1
998,1,7,73,-1,-1,-1,-1,-1
999,1,7,74,-1,-1,-1,-1,-1
1000,1,7,75,-1,-1,-1,-1,-1
1001,1,7,76,-1,-1,-1,-1,-1
1002,1,7,77,-1,-1,-1,-1,-1
1003,1,7,78,-1,-1,-1,-1,-1
1004,1,7,79,-1,-1,-1,-1,-1
1005,1,7,80,-1,-1,-1,-1,-1
1006,1,7,81,-1,-1,-1,-1,-1
1007,1,7,82,-1,-1,-1,-1,-1
1008,1,7,83,-1,-1,-1,-1,-1
1009,1,7,84,-1,-1,-1,-1,-1
1010,1,7,85,-1,-1,-1,-1,-1
1011,1,7,86,-1,-1,-1,-1,-1
1012,1,7,87,-1,-1,-1,-1,-1
1013,1,7,88,-1,-1,-1,-1,-1
1014,1,7,89,-1,-1,-1,-1,-1
1015,1,7,90,-1,-1,-1,-1,-1
1016,1,7,91,-1,-1,-1,-1,-1
1017,1,7,92,-1,-1,-1,-1,-1
1018,1,7,93,-1,-1,-1,-1,-1
1019,1,7,94,-1,-1,-1,-1,-1
1020,1,7,95,-1,-1,-1,-1,-1
1021,1,7,96,-1,-1,-1,-1,-1
1022,1,7,97,-1,-1,-1,-1,-1
1023,1,7,98,-1,-1,-1,-1,-1
1024,1,7,99,-1,-1,-1,-1,-1
1025,1,7,100,-1,-1,-1,-1,-1
1026,1,7,101,-1,-1,-1,-1,-1
1027,1,7,102,-1,-1,-1,-1,-1
1028,1,7,103,-1,-1,-1,-1,-1
1029,1,7,104,-1,-1,-1,-1,-1
1030,1,7,105,-1,-1,-1,-1,-1
1031,1,7,106,-1,-1,-1,-1,-1
1032,1,7,107,-1,-1,-1,-1,-1
1033,1,7,108,-1,-1,-1,-1,-1
1034,1,7,109,-1,-1,-1,-1,-1
1035,1,7,110,-1,-1,-1,-1,-1
1036,1,7,111,-1,-1,-1,-1,-1
1037,1,7,112,-1,-1,-1,-1,-1
1038,1,7,113,-1,-1,-1,-1,-1
1039,1,7,114,-1,-1,-1,-1,-1
1040,1,7,115,-1,-1,-1,-1,-1
1041,1,7,116,-1,-1,-1,-1,-1
1042,1,7,117,-1,-1,-1,-1,-1
1043,1,7,118,-1,-1,-1,-1,-1
1044,1,7,119,-1,-1,-1,-1,-1
1045,1,7,120,-1,-1,-1,-1,-1
1046,1,7,121,-1,-1,-1,-1,-1
1047,1,7,122,-1,-1,-1,-1,-1
1048,1,7,123,-1,-1,-1,-1,-1
1049,1,7,124,-1,-1,-1,-1,-1
1050,1,7,125,-1,-1,-1,-1,-1
1051,1,7,126,-1,-1,-1,-1,-1
1052,1,7,127,-1,-1,-1,-1,-1
1053,1,7,128,-1,-1,-1,-1,-1
1054,1,7,129,-1,-1,-1,-1,-1
1055,1,7,130,-1,-1,-1,-1,-1
1056,1,7,131,-1,-1,-1,-1,-1
1057,1,8,0,-1,-1,-1,-1,-1
1058,1,8,1,-1,-1,-1,-1,-1
1059,1,8,2,-1,-1,-1,-1,-1
1060,1,8,3,-1,-1,-1,-1,-1
1061,1,8,4,-1,-1,-1,-1,-1
1062,1,8,5,-1,-1,-1,-1,-1
1063,1,8,6,-1,-1,-1,-1,-1
1064,1,8,7,-1,-1,-1,-1,-1
1065,1,8,8,-1,-1,-1,-1,-1
1066,1,8,9,-1,-1,-1,-1,-1
1067,1,8,10,-1,-1,-1,-1,-1
1068,1,8,11,-1,-1,-1,-1,-1
1069,1,8,12,-1,-1,-1,-1,-1
1070,1,8,13,-1,-1,-1,-1,-1
1071,1,8,14,-1,-1,-1,-1,-1
1072,1,8,15,-1,-1,-1,-1,-1
1073,1,8,16,-1,-1,-1,-1,-1
1074,1,8,17,-1,-1,-1,-1,-1
1075,1,8,18,-1,-1,-1,-1,-1
1076,1,8,19,-1,-1,-1,-1,-1
1077,1,8,20,-1,-1,-1,-1,-1
1078,1,8,21,-1,-1,-1,-1,-1
1079,1,8,22,-1,-1,-1,-1,-1
1080,1,8,23,-1,-1,-1,-1,-1
1081,1,8,24,-1,-1,-1,-1,-1
1082,1,8,25,-1,-1,-1,-1,-1
1083,1,8,26,-1,-1,-1,-1,-1
1084,1,8,27,-1,-1,-1,-1,-1
1085,1,8,28,-1,-1,-1,-1,-1
1086,1,8,29,-1,-1,-1,-1,-1
1087,1,8,30,-1,-1,-1,-1,-1
1088,1,8,31,-1,-1,-1,-1,-1
1089,1,8,32,-1,-1,-1,-1,-1
1090,1,8,33,-1,-1,-1,-1,-1
1091,1,8,34,-1,-1,-1,-1,-1
1092,1,8,35,-1,-1,-1,-1,-1
1093,1,8,36,-1,-1,-1,-1,-1
1094,1,8,37,-1,-1,-1,-1,-1
1095,1,8,38,-1,-1,-1,-1,-1
1096,1,8,39,-1,-1,-1,-1,-1
1097,1,8,40,-1,-1,-1,-1,-1
1098,1,8,41,-1,-1,-1,-1,-1
1099,1,8,42,-1,-1,-1,-1,-1
1100,1,8,43,-1,-1,-1,-1,-1
1101,1,8,44,-1,-1,-1,-1,-1
1102,1,8,45,-1,-1,-1,-1,-1
1103,1,8,46,-1,-1,-1,-1,-1
1104,1,8,47,-1,-1,-1,-1,-1
1105,1,8,48,-1,-1,-1,-1,-1
1106,1,8,49,-1,-1,-1,-1,-1
1107,1,8,50,-1,-1,-1,-1,-1
1108,1,8,51,-1,-1,-1,-1,-1
1109,1,8,52,-1,-1,-1,-1,-1
1110,1,8,53,-1,-1,-1,-1,-1
1111,1,8,54,-1,-1,-1,-1,-1
1112,1,8,55,-1,-1,-1,-1,-1
1113,1,8,56,-1,-1,-1,-1,-1
1114,1,8,57,-1,-1,-1,-1,-1
1115,1,8,58,-1,-1,-1,-1,-1
1116,1,8,59,-1,-1,-1,-1,-1
1117,1,8,60,-1,-1,-1,-1,-1
1118,1,8,61,-1,-1,-1,-1,-1
1119,1,8,62,-1,-1,-1,-1,-1
1120,1,8,63,-1,-1,-1,-1,-1
1121,1,8,64,-1,-1,-1,-1,-1
1122,1,8,65,-1,-1,-1,-1,-1
1123,1,8,66,-1,-1,-1,-1,-1
1124,1,8,67,-1,-1,-1,-1,-1
1125,1,8,68,-1,-1,-1,-1,-1
1126,1,8,69,-1,-1,-1,-1,-1
1127,1,8,70,-1,-1,-1,-1,-1
1128,1,8,71,-1,-1,-1,-1,-1
1129,1,8,72,-1,-1,-1,-1,-1
1130,1,8,73,-1,-1,-1,-1,-1
1131,1,8,74,-1,-1,-1,-1,-1
1132,1,8,75,-1,-1,-1,-1,-1
1133,1,8,76,-1,-1,-1,-1,-1
1134,1,8,77,-1,-1,-1,-1,-1
1135,1,8,78,-1,-1,-1,-1,-1
1136,1,8,79,-1,-1,-1,-1,-1
1137,1,8,80,-1,-1,-1,-1,-1
1138,1,8,81,-1,-1,-1,-1,-1
1139,1,8,82,-1,-1,-1,-1,-1
1140,1,8,83,-1,-1,-1,-1,-1
1141,1,8,84,-1,-1,-1,-1,-1
1142,1,8,85,-1,-1,-1,-1,-1
1143,1,8,86,-1,-1,-1,-1,-1
1144,1,8,87,-1,-1,-1,-1,-1
1145,1,8,88,-1,-1,-1,-1,-1
1146,1,8,89,-1,-1,-1,-1,-1
1147,1,8,90,-1,-1,-1,-1,-1
1148,1,8,91,-1,-1,-1,-1,-1
1149,1,8,92,-1,-1,-1,-1,-1
1150,1,8,93,-1,-1,-1,-1,-1
1151,1,8,94,-1,-1,-1,-1,-1
1152,1,8,95,-1,-1,-1,-1,-1
1153,1,8,96,-1,-1,-1,-1,-1
1154,1,8,97,-1,-1,-1,-1,-1
1155,1,8,98,-1,-1,-1,-1,-1
1156,1,8,99,-1,-1,-1,-1,-1
1157,1,8,100,-1,-1,-1,-1,-1
1158,1,8,101,-1,-1,-1,-1,-1
1159,1,8,102,-1,-1,-1,-1,-1
1160,1,8,103,-1,-1,-1,-1,-1
1161,1,8,104,-1,-1,-1,-1,-1
1162,1,8,105,-1,-1,-1,-1,-1
1163,1,8,106,-1,-1,-1,-1,-1
1164,1,8,107,-1,-1,-1,-1,-1
1165,1,8,108,-1,-1,-1,-1,-1
1166,1,8,109,-1,-1,-1,-1,-1
1167,1,8,110,-1,-1,-1,-1,-1
1168,1,8,111,-1,-1,-1,-1,-1
1169,1,8,112,-1,-1,-1,-1,-1
1170,1,8,113,-1,-1,-1,-1,-1
1171,1,8,114,-1,-1,-1,-1,-1
1172,1,8,115,-1,-1,-1,-1,-1
1173,1,8,116,-1,-1,-1,-1,-1
1174,1,8,117,-1,-1,-1,-1,-1
1175,1,8,118,-1,-1,-1,-1,-1
1176,1,8,119,-1,-1,-1,-1,-1
1177,1,8,120,-1,-1,-1,-1,-1
1178,1,8,121,-1,-1,-1,-1,-1
1179,1,8,122,-1,-1,-1,-1,-1
1180,1,8,123,-1,-1,-1,-1,-1
1181,1,8,124,-1,-1,-1,-1,-1
1182,1,8,125,-1,-1,-1,-1,-1
1183,1,8,126,-1,-1,-1,-1,-1
1184,1,8,127,-1,-1,-1,-1,-1
1185,1,8,128,-1,-1,-1,-1,-1
1186,1,8,129,-1,-1,-1,-1,-1
1187,1,8,130,-1,-1,-1,-1,-1
1188,1,8,131,-1,-1,-1,-1,-1
1189,1,9,0,-1,-1,-1,-1,-1
1190,1,9,1,-1,-1,-1,-1,-1
1191,1,9,2,-1,-1,-1,-1,-1
1192,1,9,3,-1,-1,-1,-1,-1
1193,1,9,4,-1,-1,-1,-1,-1
1194,1,9,5,-1,-1,-1,-1,-1
1195,1,9,6,-1,-1,-1,-1,-1
1196,1,9,7,-1,-1,-1,-1,-1
1197,1,9,8,-1,-1,-1,-1,-1
1198,1,9,9,-1,-1,-1,-1,-1
1199,1,9,10,-1,-1,-1,-1,-1
1200,1,9,11,-1,-1,-1,-1,-1
1201,1,9,12,-1,-1,-1,-1,-1
1202,1,9,13,-1,-1,-1,-1,-1
1203,1,9,14,-1,-1,-1,-1,-1
1204,1,9,15,-1,-1,-1,-1,-1
1205,1,9,16,-1,-1,-1,-1,-1
1206,1,9,17,-1,-1,-1,-1,-1
1207,1,9,18,-1,-1,-1,-1,-1
1208,1,9,19,-1,-1,-1,-1,-1
1209,1,9,20,-1,-1,-1,-1,-1
1210,1,9,21,-1,-1,-1,-1,-1
1211,1,9,22,-1,-1,-1,-1,-1
1212,1,9,23,-1,-1,-1,-1,-1
1213,1,9,24,-1,-1,-1,-1,-1
1214,1,9,25,-1,-1,-1,-1,-1
1215,1,9,26,-1,-1,-1,-1,-1
1216,1,9,27,-1,-1,-1,-1,-1
1217,1,9,28,-1,-1,-1,-1,-1
1218,1,9,29,-1,-1,-1,-1,-1
1219,1,9,30,-1,-1,-1,-1,-1
1220,1,9,31,-1,-1,-1,-1,-1
1221,1,9,32,-1,-1,-1,-1,-1
1222,1,9,33,-1,-1,-1,-1,-1
1223,1,9,34,-1,-1,-1,-1,-1
1224,1,9,35,-1,-1,-1,-1,-1
1225,1,9,36,-1,-1,-1,-1,-1
1226,1,9,37,-1,-1,-1,-1,-1
1227,1,9,38,-1,-1,-1,-1,-1
1228,1,9,39,-1,-1,-1,-1,-1
1229,1,9,40,-1,-1,-1,-1,-1
1230,1,9,41,-1,-1,-1,-1,-1
1231,1,9,42,-1,-1,-1,-1,-1
1232,1,9,43,-1,-1,-1,-1,-1
1233,1,9,44,-1,-1,-1,-1,-1
1234,1,9,45,-1,-1,-1,-1,-1
1235,1,9,46,-1,-1,-1,-1,-1
1236,1,9,47,-1,-1,-1,-1,-1
1237,1,9,48,-1,-1,-1,-1,-1
1238,1,9,49,-1,-1,-1,-1,-1
1239,1,9,50,-1,-1,-1,-1,-1
1240,1,9,51,-1,-1,-1,-1,-1
1241,1,9,52,-1,-1,-1,-1,-1
1242,1,9,53,-1,-1,-1,-1,-1
1243,1,9,54,-1,-1,-1,-1,-1
1244,1,9,55,-1,-1,-1,-1,-1
1245,1,9,56,-1,-1,-1,-1,-1
1246,1,9,57,-1,-1,-1,-1,-1
1247,1,9,58,-1,-1,-1,-1,-1
1248,1,9,59,-1,-1,-1,-1,-1
1249,1,9,60,-1,-1,-1,-1,-1
1250,1,9,61,-1,-1,-1,-1,-1
1251,1,9,62,-1,-1,-1,-1,-1
1252,1,9,63,-1,-1,-1,-1,-1
1253,1,9,64,-1,-1,-1,-1,-1
1254,1,9,65,-1,-1,-1,-1,-1
1255,1,9,66,-1,-1,-1,-1,-1
1256,1,9,67,-1,-1,-1,-1,-1
1257,1,9,68,-1,-1,-1,-1,-1
1258,1,9,69,-1,-1,-1,-1,-1
1259,1,9,70,-1,-1,-1,-1,-1
1260,1,9,71,-1,-1,-1,-1,-1
1261,1,9,72,-1,-1,-1,-1,-1
1262,1,9,73,-1,-1,-1,-1,-1
1263,1,9,74,-1,-1,-1,-1,-1
1264,1,9,75,-1,-1,-1,-1,-1
1265,1,9,76,-1,-1,-1,-1,-1
1266,1,9,77,-1,-1,-1,-1,-1
1267,1,9,78,-1,-1,-1,-1,-1
1268,1,9,79,-1,-1,-1,-1,-1
1269,1,9,80,-1,-1,-1,-1,-1
1270,1,9,81,-1,-1,-1,-1,-1
1271,1,9,82,-1,-1,-1,-1,-1
1272,1,9,83,-1,-1,-1,-1,-1
1273,1,9,84,-1,-1,-1,-1,-1
1274,1,9,85,-1,-1,-1,-1,-1
1275,1,9,86,-1,-1,-1,-1,-1
1276,1,9,87,-1,-1,-1,-1,-1
1277,1,9,88,-1,-1,-1,-1,-1
1278,1,9,89,-1,-1,-1,-1,-1
1279,1,9,90,-1,-1,-1,-1,-1
1280,1,9,91,-1,-1,-1,-1,-1
1281,1,9,92,-1,-1,-1,-1,-1
1282,1,9,93,-1,-1,-1,-1,-1
1283,1,9,94,-1,-1,-1,-1,-1
1284,1,9,95,-1,-1,-1,-1,-1
1285,1,9,96,-1,-1,-1,-1,-1
1286,1,9,97,-1,-1,-1,-1,-1
1287,1,9,98,-1,-1,-1,-1,-1
1288,1,9,99,-1,-1,-1,-1,-1
1289,1,9,100,-1,-1,-1,-1,-1
1290,1,9,101,-1,-1,-1,-1,-1
1291,1,9,102,-1,-1,-1,-1,-1
1292,1,9,103,-1,-1,-1,-1,-1
1293,1,9,104,-1,-1,-1,-1,-1
1294,1,9,105,-1,-1,-1,-1,-1
1295,1,9,106,-1,-1,-1,-1,-1
1296,1,9,107,-1,-1,-1,-1,-1
1297,1,9,108,-1,-1,-1,-1,-1
1298,1,9,109,-1,-1,-1,-1,-1
1299,1,9,110,-1,-1,-1,-1,-1
1300,1,9,111,-1,-1,-1,-1,-1
1301,1,9,112,-1,-1,-1,-1,-1
1302,1,9,113,-1,-1,-1,-1,-1
1303,1,9,114,-1,-1,-1,-1,-1
1304,1,9,115,-1,-1,-1,-1,-1
1305,1,9,116,-1,-1,-1,-1,-1
1306,1,9,117,-1,-1,-1,-1,-1
1307,1,9,118,-1,-1,-1,-1,-1
1308,1,9,119,-1,-1,-1,-1,-1
1309,1,9,120,-1,-1,-1,-1,-1
1310,1,9,121,-1,-1,-1,-1,-1
1311,1,9,122,-1,-1,-1,-1,-1
1312,1,9,123,-1,-1,-1,-1,-1
1313,1,9,124,-1,-1,-1,-1,-1
1314,1,9,125,-1,-1,-1,-1,-1
1315,1,9,126,-1,-1,-1,-1,-1
1316,1,9,127,-1,-1,-1,-1,-1
1317,1,9,128,-1,-1,-1,-1,-1
1318,1,9,129,-1,-1,-1,-1,-1
1319,1,9,130,-1,-1,-1,-1,-1
1320,1,9,131,-1,-1,-1,-1,-1
1321,1,10,0,-1,-1,-1,-1,-1
1322,1,10,1,-1,-1,-1,-1,-1
1323,1,10,2,-1,-1,-1,-1,-1
1324,1,10,3,-1,-1,-1,-1,-1
1325,1,10,4,-1,-1,-1,-1,-1
1326,1,10,5,-1,-1,-1,-1,-1
1327,1,10,6,-1,-1,-1,-1,-1
1328,1,10,7,-1,-1,-1,-1,-1
1329,1,10,8,-1,-1,-1,-1,-1
1330,1,10,9,-1,-1,-1,-1,-1
1331,1,10,10,-1,-1,-1,-1,-1
1332,1,10,11,-1,-1,-1,-1,-1
1333,1,10,12,-1,-1,-1,-1,-1
1334,1,10,13,-1,-1,-1,-1,-1
1335,1,10,14,-1,-1,-1,-1,-1
1336,1,10,15,-1,-1,-1,-1,-1
1337,1,10,16,-1,-1,-1,-1,-1
1338,1,10,17,-1,-1,-1,-1,-1
1339,1,10,18,-1,-1,-1,-1,-1
1340,1,10,19,-1,-1,-1,-1,-1
1341,1,10,20,-1,-1,-1,-1,-1
1342,1,10,21,-1,-1,-1,-1,-1
1343,1,10,22,-1,-1,-1,-1,-1
1344,1,10,23,-1,-1,-1,-1,-1
1345,1,10,24,-1,-1,-1,-1,-1
1346,1,10,25,-1,-1,-1,-1,-1
1347,1,10,26,-1,-1,-1,-1,-1
1348,1,10,27,-1,-1,-1,-1,-1
1349,1,10,28,-1,-1,-1,-1,-1
1350,1,10,29,-1,-1,-1,-1,-1
1351,1,10,30,-1,-1,-1,-1,-1
1352,1,10,31,-1,-1,-1,-1,-1
1353,1,10,32,-1,-1,-1,-1,-1
1354,1,10,33,-1,-1,-1,-1,-1
1355,1,10,34,-1,-1,-1,-1,-1
1356,1,10,35,-1,-1,-1,-1,-1
1357,1,10,36,-1,-1,-1,-1,-1
1358,1,10,37,-1,-1,-1,-1,-1
1359,1,10,38,-1,-1,-1,-1,-1
1360,1,10,39,-1,-1,-1,-1,-1
1361,1,10,40,-1,-1,-1,-1,-1
1362,1,10,41,-1,-1,-1,-1,-1
1363,1,10,42,-1,-1,-1,-1,-1
1364,1,10,43,-1,-1,-1,-1,-1
1365,1,10,44,-1,-1,-1,-1,-1
1366,1,10,45,-1,-1,-1,-1,-1
1367,1,10,46,-1,-1,-1,-1,-1
1368,1,10,47,-1,-1,-1,-1,-1
1369,1,10,48,-1,-1,-1,-1,-1
1370,1,10,49,-1,-1,-1,-1,-1
1371,1,10,50,-1,-1,-1,-1,-1
1372,1,10,51,-1,-1,-1,-1,-1
1373,1,10,52,-1,-1,-1,-1,-1
1374,1,10,53,-1,-1,-1,-1,-1
1375,1,10,54,-1,-1,-1,-1,-1
1376,1,10,55,-1,-1,-1,-1,-1
1377,1,10,56,-1,-1,-1,-1,-1
1378,1,10,57,-1,-1,-1,-1,-1
1379,1,10,58,-1,-1,-1,-1,-1
1380,1,10,59,-1,-1,-1,-1,-1
1381,1,10,60,-1,-1,-1,-1,-1
1382,1,10,61,-1,-1,-1,-1,-1
1383,1,10,62,-1,-1,-1,-1,-1
1384,1,10,63,-1,-1,-1,-1,-1
1385,1,10,64,-1,-1,-1,-1,-1
1386,1,10,65,-1,-1,-1,-1,-1
1387,1,10,66,-1,-1,-1,-1,-1
1388,1,10,67,-1,-1,-1,-1,-1
1389,1,10,68,-1,-1,-1,-1,-1
1390,1,10,69,-1,-1,-1,-1,-1
1391,1,10,70,-1,-1,-1,-1,-1
1392,1,10,71,-1,-1,-1,-1,-1
1393,1,10,72,-1,-1,-1,-1,-1
1394,1,10,73,-1,-1,-1,-1,-1
1395,1,10,74,-1,-1,-1,-1,-1
1396,1,10,75,-1,-1,-1,-1,-1
1397,1,10,76,-1,-1,-1,-1,-1
1398,1,10,77,-1,-1,-1,-1,-1
1399,1,10,78,-1,-1,-1,-1,-1
1400,1,10,79,-1,-1,-1,-1,-1
1401,1,10,80,-1,-1,-1,-1,-1
1402,1,10,81,-1,-1,-1,-1,-1
1403,1,10,82,-1,-1,-1,-1,-1
1404,1,10,83,-1,-1,-1,-1,-1
1405,1,10,84,-1,-1,-1,-1,-1
1406,1,10,85,-1,-1,-1,-1,-1
1407,1,10,86,-1,-1,-1,-1,-1
1408,1,10,87,-1,-1,-1,-1,-1
1409,1,10,88,-1,-1,-1,-1,-1
1410,1,10,89,-1,-1,-1,-1,-1
1411,1,10,90,-1,-1,-1,-1,-1
1412,1,10,91,-1,-1,-1,-1,-1
1413,1,10,92,-1,-1,-1,-1,-1
1414,1,10,93,-1,-1,-1,-1,-1
1415,1,10,94,-1,-1,-1,-1,-1
1416,1,10,95,-1,-1,-1,-1,-1
1417,1,10,96,-1,-1,-1,-1,-1
1418,1,10,97,-1,-1,-1,-1,-1
1419,1,10,98,-1,-1,-1,-1,-1
1420,1,10,99,-1,-1,-1,-1,-1
1421,1,10,100,-1,-1,-1,-1,-1
1422,1,10,101,-1,-1,-1,-1,-1
1423,1,10,102,-1,-1,-1,-1,-1
1424,1,10,103,-1,-1,-1,-1,-1
1425,1,10,104,-1,-1,-1,-1,-1
1426,1,10,105,-1,-1,-1,-1,-1
1427,1,10,106,-1,-1,-1,-1,-1
1428,1,10,107,-1,-1,-1,-1,-1
1429,1,10,108,-1,-1,-1,-1,-1
1430,1,10,109,-1,-1,-1,-1,-1
1431,1,10,110,-1,-1,-1,-1,-1
1432,1,10,111,-1,-1,-1,-1,-1
1433,1,10,112,-1,-1,-1,-1,-1
1434,1,10,113,-1,-1,-1,-1,-1
1435,1,10,114,-1,-1,-1,-1,-1
1436,1,10,115,-1,-1,-1,-1,-1
1437,1,10,116,-1,-1,-1,-1,-1
1438,1,10,117,-1,-1,-1,-1,-1
1439,1,10,118,-1,-1,-1,-1,-1
1440,1,10,119,-1,-1,-1,-1,-1
1441,1,10,120,-1,-1,-1,-1,-1
1442,1,10,121,-1,-1,-1,-1,-1
1443,1,10,122,-1,-1,-1,-1,-1
1444,1,10,123,-1,-1,-1,-1,-1
1445,1,10,124,-1,-1,-1,-1,-1
1446,1,10,125,-1,-1,-1,-1,-1
1447,1,10,126,-1,-1,-1,-1,-1
1448,1,10,127,-1,-1,-1,-1,-1
1449,1,10,128,-1,-1,-1,-1,-1
1450,1,10,129,-1,-1,-1,-1,-1
1451,1,10,130,-1,-1,-1,-1,-1
1452,1,10,131,-1,-1,-1,-1,-1
1453,1,11,0,-1,-1,-1,-1,-1
1454,1,11,1,-1,-1,-1,-1,-1
1455,1,11,2,-1,-1,-1,-1,-1
1456,1,11,3,-1,-1,-1,-1,-1
1457,1,11,4,-1,-1,-1,-1,-1
1458,1,11,5,-1,-1,-1,-1,-1
1459,1,11,6,-1,-1,-1,-1,-1
1460,1,11,7,-1,-1,-1,-1,-1
1461,1,11,8,-1,-1,-1,-1,-1
1462,1,11,9,-1,-1,-1,-1,-1
1463,1,11,10,-1,-1,-1,-1,-1
1464,1,11,11,-1,-1,-1,-1,-1
1465,1,11,12,-1,-1,-1,-1,-1
1466,1,11,13,-1,-1,-1,-1,-1
1467,1,11,14,-1,-1,-1,-1,-1
1468,1,11,15,-1,-1,-1,-1,-1
1469,1,11,16,-1,-1,-1,-1,-1
1470,1,11,17,-1,-1,-1,-1,-1
1471,1,11,18,-1,-1,-1,-1,-1
1472,1,11,19,-1,-1,-1,-1,-1
1473,1,11,20,-1,-1,-1,-1,-1
1474,1,11,21,-1,-1,-1,-1,-1
1475,1,11,22,-1,-1,-1,-1,-1
1476,1,11,23,-1,-1,-1,-1,-1
1477,1,11,24,-1,-1,-1,-1,-1
1478,1,11,25,-1,-1,-1,-1,-1
1479,1,11,26,-1,-1,-1,-1,-1
1480,1,11,27,-1,-1,-1,-1,-1
1481,1,11,28,-1,-1,-1,-1,-1
1482,1,11,29,-1,-1,-1,-1,-1
1483,1,11,30,-1,-1,-1,-1,-1
1484,1,11,31,-1,-1,-1,-1,-1
1485,1,11,32,-1,-1,-1,-1,-1
1486,1,11,33,-1,-1,-1,-1,-1
1487,1,11,34,-1,-1,-1,-1,-1
1488,1,11,35,-1,-1,-1,-1,-1
1489,1,11,36,-1,-1,-1,-1,-1
1490,1,11,37,-1,-1,-1,-1,-1
1491,1,11,38,-1,-1,-1,-1,-1
1492,1,11,39,-1,-1,-1,-1,-1
1493,1,11,40,-1,-1,-1,-1,-1
1494,1,11,41,-1,-1,-1,-1,-1
1495,1,11,42,-1,-1,-1,-1,-1
1496,1,11,43,-1,-1,-1,-1,-1
1497,1,11,44,-1,-1,-1,-1,-1
1498,1,11,45,-1,-1,-1,-1,-1
1499,1,11,46,-1,-1,-1,-1,-1
1500,1,11,47,-1,-1,-1,-1,-1
1501,1,11,48,-1,-1,-1,-1,-1
1502,1,11,49,-1,-1,-1,-1,-1
1503,1,11,50,-1,-1,-1,-1,-1
1504,1,11,51,-1,-1,-1,-1,-1
1505,1,11,52,-1,-1,-1,-1,-1
1506,1,11,53,-1,-1,-1,-1,-1
1507,1,11,54,-1,-1,-1,-1,-1
1508,1,11,55,-1,-1,-1,-1,-1
1509,1,11,56,-1,-1,-1,-1,-1
1510,1,11,57,-1,-1,-1,-1,-1
1511,1,11,58,-1,-1,-1,-1,-1
1512,1,11,59,-1,-1,-1,-1,-1
1513,1,11,60,-1,-1,-1,-1,-1
1514,1,11,61,-1,-1,-1,-1,-1
1515,1,11,62,-1,-1,-1,-1,-1
1516,1,11,63,-1,-1,-1,-1,-1
1517,1,11,64,-1,-1,-1,-1,-1
1518,1,11,65,-1,-1,-1,-1,-1
1519,1,11,66,-1,-1,-1,-1,-1
1520,1,11,67,-1,-1,-1,-1,-1
1521,1,11,68,-1,-1,-1,-1,-1
1522,1,11,69,-1,-1,-1,-1,-1
1523,1,11,70,-1,-1,-1,-1,-1
1524,1,11,71,-1,-1,-1,-1,-1
1525,1,11,72,-1,-1,-1,-1,-1
1526,1,11,73,-1,-1,-1,-1,-1
1527,1,11,74,-1,-1,-1,-1,-1
1528,1,11,75,-1,-1,-1,-1,-1
1529,1,11,76,-1,-1,-1,-1,-1
1530,1,11,77,-1,-1,-1,-1,-1
1531,1,11,78,-1,-1,-1,-1,-1
1532,1,11,79,-1,-1,-1,-1,-1
1533,1,11,80,-1,-1,-1,-1,-1
1534,1,11,81,-1,-1,-1,-1,-1
1535,1,11,82,-1,-1,-1,-1,-1
1536,1,11,83,-1,-1,-1,-1,-1
1537,1,11,84,-1,-1,-1,-1,-1
1538,1,11,85,-1,-1,-1,-1,-1
1539,1,11,86,-1,-1,-1,-1,-1
1540,1,11,87,-1,-1,-1,-1,-1
1541,1,11,88,-1,-1,-1,-1,-1
1542,1,11,89,-1,-1,-1,-1,-1
1543,1,11,90,-1,-1,-1,-1,-1
1544,1,11,91,-1,-1,-1,-1,-1
1545,1,11,92,-1,-1,-1,-1,-1
1546,1,11,93,-1,-1,-1,-1,-1
1547,1,11,94,-1,-1,-1,-1,-1
1548,1,11,95,-1,-1,-1,-1,-1
1549,1,11,96,-1,-1,-1,-1,-1
1550,1,11,97,-1,-1,-1,-1,-1
1551,1,11,98,-1,-1,-1,-1,-1
1552,1,11,99,-1,-1,-1,-1,-1
1553,1,11,100,-1,-1,-1,-1,-1
1554,1,11,101,-1,-1,-1,-1,-1
1555,1,11,102,-1,-1,-1,-1,-1
1556,1,11,103,-1,-1,-1,-1,-1
1557,1,11,104,-1,-1,-1,-1,-1
1558,1,11,105,-1,-1,-1,-1,-1
1559,1,11,106,-1,-1,-1,-1,-1
1560,1,11,107,-1,-1,-1,-1,-1
1561,1,11,108,-1,-1,-1,-1,-1
1562,1,11,109,-1,-1,-1,-1,-1
1563,1,11,110,-1,-1,-1,-1,-1
1564,1,11,111,-1,-1,-1,-1,-1
1565,1,11,112,-1,-1,-1,-1,-1
1566,1,11,113,-1,-1,-1,-1,-1
1567,1,11,114,-1,-1,-1,-1,-1
1568,1,11,115,-1,-1,-1,-1,-1
1569,1,11,116,-1,-1,-1,-1,-1
1570,1,11,117,-1,-1,-1,-1,-1
1571,1,11,118,-1,-1,-1,-1,-1
1572,1,11,119,-1,-1,-1,-1,-1
1573,1,11,120,-1,-1,-1,-1,-1
1574,1,11,121,-1,-1,-1,-1,-1
1575,1,11,122,-1,-1,-1,-1,-1
1576,1,11,123,-1,-1,-1,-1,-1
1577,1,11,124,-1,-1,-1,-1,-1
1578,1,11,125,-1,-1,-1,-1,-1
1579,1,11,126,-1,-1,-1,-1,-1
1580,1,11,127,-1,-1,-1,-1,-1
1581,1,11,128,-1,-1,-1,-1,-1
1582,1,11,129,-1,-1,-1,-1,-1
1583,1,11,130,-1,-1,-1,-1,-1
1584,1,11,131,-1,-1,-1,-1,-1
1585,1,12,0,-1,-1,-1,-1,-1
1586,1,12,1,-1,-1,-1,-1,-1
1587,1,12,2,-1,-1,-1,-1,-1
1588,1,12,3,-1,-1,-1,-1,-1
1589,1,12,4,-1,-1,-1,-1,-1
1590,1,12,5,-1,-1,-1,-1,-1
1591,1,12,6,-1,-1,-1,-1,-1
1592,1,12,7,-1,-1,-1,-1,-1
1593,1,12,8,-1,-1,-1,-1,-1
1594,1,12,9,-1,-1,-1,-1,-1
1595,1,12,10,-1,-1,-1,-1,-1
1596,1,12,11,-1,-1,-1,-1,-1
1597,1,12,12,-1,-1,-1,-1,-1
1598,1,12,13,-1,-1,-1,-1,-1
1599,1,12,14,-1,-1,-1,-1,-1
1600,1,12,15,-1,-1,-1,-1,-1
1601,1,12,16,-1,-1,-1,-1,-1
1602,1,12,17,-1,-1,-1,-1,-1
1603,1,12,18,-1,-1,-1,-1,-1
1604,1,12,19,-1,-1,-1,-1,-1
1605,1,12,20,-1,-1,-1,-1,-1
1606,1,12,21,-1,-1,-1,-1,-1
1607,1,12,22,-1,-1,-1,-1,-1
1608,1,12,23,-1,-1,-1,-1,-1
1609,1,12,24,-1,-1,-1,-1,-1
1610,1,12,25,-1,-1,-1,-1,-1
1611,1,12,26,-1,-1,-1,-1,-1
1612,1,12,27,-1,-1,-1,-1,-1
1613,1,12,28,-1,-1,-1,-1,-1
1614,1,12,29,-1,-1,-1,-1,-1
1615,1,12,30,-1,-1,-1,-1,-1
1616,1,12,31,-1,-1,-1,-1,-1
1617,1,12,32,-1,-1,-1,-1,-1
1618,1,12,33,-1,-1,-1,-1,-1
1619,1,12,34,-1,-1,-1,-1,-1
1620,1,12,35,-1,-1,-1,-1,-1
1621,1,12,36,-1,-1,-1,-1,-1
1622,1,12,37,-1,-1,-1,-1,-1
1623,1,12,38,-1,-1,-1,-1,-1
1624,1,12,39,-1,-1,-1,-1,-1
1625,1,12,40,-1,-1,-1,-1,-1
1626,1,12,41,-1,-1,-1,-1,-1
1627,1,12,42,-1,-1,-1,-1,-1
1628,1,12,43,-1,-1,-1,-1,-1
1629,1,12,44,-1,-1,-1,-1,-1
1630,1,12,45,-1,-1,-1,-1,-1
1631,1,12,46,-1,-1,-1,-1,-1
1632,1,12,47,-1,-1,-1,-1,-1
1633,1,12,48,-1,-1,-1,-1,-1
1634,1,12,49,-1,-1,-1,-1,-1
1635,1,12,50,-1,-1,-1,-1,-1
1636,1,12,51,-1,-1,-1,-1,-1
1637,1,12,52,-1,-1,-1,-1,-1
1638,1,12,53,-1,-1,-1,-1,-1
1639,1,12,54,-1,-1,-1,-1,-1
1640,1,12,55,-1,-1,-1,-1,-1
1641,1,12,56,-1,-1,-1,-1,-1
1642,1,12,57,-1,-1,-1,-1,-1
1643,1,12,58,-1,-1,-1,-1,-1
1644,1,12,59,-1,-1,-1,-1,-1
1645,1,12,60,-1,-1,-1,-1,-1
1646,1,12,61,-1,-1,-1,-1,-1
1647,1,12,62,-1,-1,-1,-1,-1
1648,1,12,63,-1,-1,-1,-1,-1
1649,1,12,64,-1,-1,-1,-1,-1
1650,1,12,65,-1,-1,-1,-1,-1
1651,1,12,66,-1,-1,-1,-1,-1
1652,1,12,67,-1,-1,-1,-1,-1
1653,1,12,68,-1,-1,-1,-1,-1
1654,1,12,69,-1,-1,-1,-1,-1
1655,1,12,70,-1,-1,-1,-1,-1
1656,1,12,71,-1,-1,-1,-1,-1
1657,1,12,72,-1,-1,-1,-1,-1
1658,1,12,73,-1,-1,-1,-1,-1
1659,1,12,74,-1,-1,-1,-1,-1
1660,1,12,75,-1,-1,-1,-1,-1
1661,1,12,76,-1,-1,-1,-1,-1
1662,1,12,77,-1,-1,-1,-1,-1
1663,1,12,78,-1,-1,-1,-1,-1
1664,1,12,79,-1,-1,-1,-1,-1
1665,1,12,80,-1,-1,-1,-1,-1
1666,1,12,81,-1,-1,-1,-1,-1
1667,1,12,82,-1,-1,-1,-1,-1
1668,1,12,83,-1,-1,-1,-1,-1
1669,1,12,84,-1,-1,-1,-1,-1
1670,1,12,85,-1,-1,-1,-1,-1
1671,1,12,86,-1,-1,-1,-1,-1
1672,1,12,87,-1,-1,-1,-1,-1
1673,1,12,88,-1,-1,-1,-1,-1
1674,1,12,89,-1,-1,-1,-1,-1
1675,1,12,90,-1,-1,-1,-1,-1
1676,1,12,91,-1,-1,-1,-1,-1
1677,1,12,92,-1,-1,-1,-1,-1
1678,1,12,93,-1,-1,-1,-1,-1
1679,1,12,94,-1,-1,-1,-1,-1
1680,1,12,95,-1,-1,-1,-1,-1
1681,1,12,96,-1,-1,-1,-1,-1
1682,1,12,97,-1,-1,-1,-1,-1
1683,1,12,98,-1,-1,-1,-1,-1
1684,1,12,99,-1,-1,-1,-1,-1
1685,1,12,100,-1,-1,-1,-1,-1
1686,1,12,101,-1,-1,-1,-1,-1
1687,1,12,102,-1,-1,-1,-1,-1
1688,1,12,103,-1,-1,-1,-1,-1
1689,1,12,104,-1,-1,-1,-1,-1
1690,1,12,105,-1,-1,-1,-1,-1
1691,1,12,106,-1,-1,-1,-1,-1
1692,1,12,107,-1,-1,-1,-1,-1
1693,1,12,108,-1,-1,-1,-1,-1
1694,1,12,109,-1,-1,-1,-1,-1
1695,1,12,110,-1,-1,-1,-1,-1
1696,1,12,111,-1,-1,-1,-1,-1
1697,1,12,112,-1,-1,-1,-1,-1
1698,1,12,113,-1,-1,-1,-1,-1
1699,1,12,114,-1,-1,-1,-1,-1
1700,1,12,115,-1,-1,-1,-1,-1
1701,1,12,116,-1,-1,-1,-1,-1
1702,1,12,117,-1,-1,-1,-1,-1
1703,1,12,118,-1,-1,-1,-1,-1
1704,1,12,119,-1,-1,-1,-1,-1
1705,1,12,120,-1,-1,-1,-1,-1
1706,1,12,121,-1,-1,-1,-1,-1
1707,1,12,122,-1,-1,-1,-1,-1
1708,1,12,123,-1,-1,-1,-1,-1
1709,1,12,124,-1,-1,-1,-1,-1
1710,1,12,125,-1,-1,-1,-1,-1
1711,1,12,126,-1,-1,-1,-1,-1
1712,1,12,127,-1,-1,-1,-1,-1
1713,1,12,128,-1,-1,-1,-1,-1
1714,1,12,129,-1,-1,-1,-1,-1
1715,1,12,130,-1,-1,-1,-1,-1
1716,1,12,131,-1,-1,-1,-1,-1
1717,1,13,0,-1,-1,-1,-1,-1
1718,1,13,1,-1,-1,-1,-1,-1
1719,1,13,2,-1,-1,-1,-1,-1
1720,1,13,3,-1,-1,-1,-1,-1
1721,1,13,4,-1,-1,-1,-1,-1
1722,1,13,5,-1,-1,-1,-1,-1
1723,1,13,6,-1,-1,-1,-1,-1
1724,1,13,7,-1,-1,-1,-1,-1
1725,1,13,8,-1,-1,-1,-1,-1
1726,1,13,9,-1,-1,-1,-1,-1
1727,1,13,10,-1,-1,-1,-1,-1
1728,1,13,11,-1,-1,-1,-1,-1
1729,1,13,12,-1,-1,-1,-1,-1
1730,1,13,13,-1,-1,-1,-1,-1
1731,1,13,14,-1,-1,-1,-1,-1
1732,1,13,15,-1,-1,-1,-1,-1
1733,1,13,16,-1,-1,-1,-1,-1
1734,1,13,17,-1,-1,-1,-1,-1
1735,1,13,18,-1,-1,-1,-1,-1
1736,1,13,19,-1,-1,-1,-1,-1
1737,1,13,20,-1,-1,-1,-1,-1
1738,1,13,21,-1,-1,-1,-1,-1
1739,1,13,22,-1,-1,-1,-1,-1
1740,1,13,23,-1,-1,-1,-1,-1
1741,1,13,24,-1,-1,-1,-1,-1
1742,1,13,25,-1,-1,-1,-1,-1
1743,1,13,26,-1,-1,-1,-1,-1
1744,1,13,27,-1,-1,-1,-1,-1
1745,1,13,28,-1,-1,-1,-1,-1
1746,1,13,29,-1,-1,-1,-1,-1
1747,1,13,30,-1,-1,-1,-1,-1
1748,1,13,31,-1,-1,-1,-1,-1
1749,1,13,32,-1,-1,-1,-1,-1
1750,1,13,33,-1,-1,-1,-1,-1
1751,1,13,34,-1,-1,-1,-1,-1
1752,1,13,35,-1,-1,-1,-1,-1
1753,1,13,36,-1,-1,-1,-1,-1
1754,1,13,37,-1,-1,-1,-1,-1
1755,1,13,38,-1,-1,-1,-1,-1
1756,1,13,39,-1,-1,-1,-1,-1
1757,1,13,40,-1,-1,-1,-1,-1
1758,1,13,41,-1,-1,-1,-1,-1
1759,1,13,42,-1,-1,-1,-1,-1
1760,1,13,43,-1,-1,-1,-1,-1
1761,1,13,44,-1,-1,-1,-1,-1
1762,1,13,45,-1,-1,-1,-1,-1
1763,1,13,46,-1,-1,-1,-1,-1
1764,1,13,47,-1,-1,-1,-1,-1
1765,1,13,48,-1,-1,-1,-1,-1
1766,1,13,49,-1,-1,-1,-1,-1
1767,1,13,50,-1,-1,-1,-1,-1
1768,1,13,51,-1,-1,-1,-1,-1
1769,1,13,52,-1,-1,-1,-1,-1
1770,1,13,53,-1,-1,-1,-1,-1
1771,1,13,54,-1,-1,-1,-1,-1
1772,1,13,55,-1,-1,-1,-1,-1
1773,1,13,56,-1,-1,-1,-1,-1
1774,1,13,57,-1,-1,-1,-1,-1
1775,1,13,58,-1,-1,-1,-1,-1
1776,1,13,59,-1,-1,-1,-1,-1
1777,1,13,60,-1,-1,-1,-1,-1
1778,1,13,61,-1,-1,-1,-1,-1
1779,1,13,62,-1,-1,-1,-1,-1
1780,1,13,63,-1,-1,-1,-1,-1
1781,1,13,64,-1,-1,-1,-1,-1
1782,1,13,65,-1,-1,-1,-1,-1
1783,1,13,66,-1,-1,-1,-1,-1
1784,1,13,67,-1,-1,-1,-1,-1
1785,1,13,68,-1,-1,-1,-1,-1
1786,1,13,69,-1,-1,-1,-1,-1
1787,1,13,70,-1,-1,-1,-1,-1
1788,1,13,71,-1,-1,-1,-1,-1
1789,1,13,72,-1,-1,-1,-1,-1
1790,1,13,73,-1,-1,-1,-1,-1
1791,1,13,74,-1,-1,-1,-1,-1
1792,1,13,75,-1,-1,-1,-1,-1
1793,1,13,76,-1,-1,-1,-1,-1
1794,1,13,77,-1,-1,-1,-1,-1
1795,1,13,78,-1,-1,-1,-1,-1
1796,1,13,79,-1,-1,-1,-1,-1
1797,1,13,80,-1,-1,-1,-1,-1
1798,1,13,81,-1,-1,-1,-1,-1
1799,1,13,82,-1,-1,-1,-1,-1
1800,1,13,83,-1,-1,-1,-1,-1
1801,1,13,84,-1,-1,-1,-1,-1
1802,1,13,85,-1,-1,-1,-1,-1
1803,1,13,86,-1,-1,-1,-1,-1
1804,1,13,87,-1,-1,-1,-1,-1
1805,1,13,88,-1,-1,-1,-1,-1
1806,1,13,89,-1,-1,-1,-1,-1
1807,1,13,90,-1,-1,-1,-1,-1
1808,1,13,91,-1,-1,-1,-1,-1
1809,1,13,92,-1,-1,-1,-1,-1
1810,1,13,93,-1,-1,-1,-1,-1
1811,1,13,94,-1,-1,-1,-1,-1
1812,1,13,95,-1,-1,-1,-1,-1
1813,1,13,96,-1,-1,-1,-1,-1
1814,1,13,97,-1,-1,-1,-1,-1
1815,1,13,98,-1,-1,-1,-1,-1
1816,1,13,99,-1,-1,-1,-1,-1
1817,1,13,100,-1,-1,-1,-1,-1
1818,1,13,101,-1,-1,-1,-1,-1
1819,1,13,102,-1,-1,-1,-1,-1
1820,1,13,103,-1,-1,-1,-1,-1
1821,1,13,104,-1,-1,-1,-1,-1
1822,1,13,105,-1,-1,-1,-1,-1
1823,1,13,106,-1,-1,-1,-1,-1
1824,1,13,107,-1,-1,-1,-1,-1
1825,1,13,108,-1,-1,-1,-1,-1
1826,1,13,109,-1,-1,-1,-1,-1
1827,1,13,110,-1,-1,-1,-1,-1
1828,1,13,111,-1,-1,-1,-1,-1
1829,1,13,112,-1,-1,-1,-1,-1
1830,1,13,113,-1,-1,-1,-1,-1
1831,1,13,114,-1,-1,-1,-1,-1
1832,1,13,115,-1,-1,-1,-1,-1
1833,1,13,116,-1,-1,-1,-1,-1
1834,1,13,117,-1,-1,-1,-1,-1
1835,1,13,118,-1,-1,-1,-1,-1
1836,1,13,119,-1,-1,-1,-1,-1
1837,1,13,120,-1,-1,-1,-1,-1
1838,1,13,121,-1,-1,-1,-1,-1
1839,1,13,122,-1,-1,-1,-1,-1
1840,1,13,123,-1,-1,-1,-1,-1
1841,1,13,124,-1,-1,-1,-1,-1
1842,1,13,125,-1,-1,-1,-1,-1
1843,1,13,126,-1,-1,-1,-1,-1
1844,1,13,127,-1,-1,-1,-1,-1
1845,1,13,128,-1,-1,-1,-1,-1
1846,1,13,129,-1,-1,-1,-1,-1
1847,1,13,130,-1,-1,-1,-1,-1
1848,1,13,131,-1,-1,-1,-1,-1
1849,1,14,0,-1,-1,-1,-1,-1
1850,1,14,1,-1,-1,-1,-1,-1
1851,1,14,2,-1,-1,-1,-1,-1
1852,1,14,3,-1,-1,-1,-1,-1
1853,1,14,4,-1,-1,-1,-1,-1
1854,1,14,5,-1,-1,-1,-1,-1
1855,1,14,6,-1,-1,-1,-1,-1
1856,1,14,7,-1,-1,-1,-1,-1
1857,1,14,8,-1,-1,-1,-1,-1
1858,1,14,9,-1,-1,-1,-1,-1
1859,1,14,10,-1,-1,-1,-1,-1
1860,1,14,11,-1,-1,-1,-1,-1
1861,1,14,12,-1,-1,-1,-1,-1
1862,1,14,13,-1,-1,-1,-1,-1
1863,1,14,14,-1,-1,-1,-1,-1
1864,1,14,15,-1,-1,-1,-1,-1
1865,1,14,16,-1,-1,-1,-1,-1
1866,1,14,17,-1,-1,-1,-1,-1
1867,1,14,18,-1,-1,-1,-1,-1
1868,1,14,19,-1,-1,-1,-1,-1
1869,1,14,20,-1,-1,-1,-1,-1
1870,1,14,21,-1,-1,-1,-1,-1
1871,1,14,22,-1,-1,-1,-1,-1
1872,1,14,23,-1,-1,-1,-1,-1
1873,1,14,24,-1,-1,-1,-1,-1
1874,1,14,25,-1,-1,-1,-1,-1
1875,1,14,26,-1,-1,-1,-1,-1
1876,1,14,27,-1,-1,-1,-1,-1
1877,1,14,28,-1,-1,-1,-1,-1
1878,1,14,29,-1,-1,-1,-1,-1
1879,1,14,30,-1,-1,-1,-1,-1
1880,1,14,31,-1,-1,-1,-1,-1
1881,1,14,32,-1,-1,-1,-1,-1
1882,1,14,33,-1,-1,-1,-1,-1
1883,1,14,34,-1,-1,-1,-1,-1
1884,1,14,35,-1,-1,-1,-1,-1
1885,1,14,36,-1,-1,-1,-1,-1
1886,1,14,37,-1,-1,-1,-1,-1
1887,1,14,38,-1,-1,-1,-1,-1
1888,1,14,39,-1,-1,-1,-1,-1
1889,1,14,40,-1,-1,-1,-1,-1
1890,1,14,41,-1,-1,-1,-1,-1
1891,1,14,42,-1,-1,-1,-1,-1
1892,1,14,43,-1,-1,-1,-1,-1
1893,1,14,44,-1,-1,-1,-1,-1
1894,1,14,45,-1,-1,-1,-1,-1
1895,1,14,46,-1,-1,-1,-1,-1
1896,1,14,47,-1,-1,-1,-1,-1
1897,1,14,48,-1,-1,-1,-1,-1
1898,1,14,49,-1,-1,-1,-1,-1
1899,1,14,50,-1,-1,-1,-1,-1
1900,1,14,51,-1,-1,-1,-1,-1
1901,1,14,52,-1,-1,-1,-1,-1
1902,1,14,53,-1,-1,-1,-1,-1
1903,1,14,54,-1,-1,-1,-1,-1
1904,1,14,55,-1,-1,-1,-1,-1
1905,1,14,56,-1,-1,-1,-1,-1
1906,1,14,57,-1,-1,-1,-1,-1
1907,1,14,58,-1,-1,-1,-1,-1
1908,1,14,59,-1,-1,-1,-1,-1
1909,1,14,60,-1,-1,-1,-1,-1
1910,1,14,61,-1,-1,-1,-1,-1
1911,1,14,62,-1,-1,-1,-1,-1
1912,1,14,63,-1,-1,-1,-1,-1
1913,1,14,64,-1,-1,-1,-1,-1
1914,1,14,65,-1,-1,-1,-1,-1
1915,1,14,66,-1,-1,-1,-1,-1
1916,1,14,67,-1,-1,-1,-1,-1
1917,1,14,68,-1,-1,-1,-1,-1
1918,1,14,69,-1,-1,-1,-1,-1
1919,1,14,70,-1,-1,-1,-1,-1
1920,1,14,71,-1,-1,-1,-1,-1
1921,1,14,72,-1,-1,-1,-1,-1
1922,1,14,73,-1,-1,-1,-1,-1
1923,1,14,74,-1,-1,-1,-1,-1
1924,1,14,75,-1,-1,-1,-1,-1
1925,1,14,76,-1,-1,-1,-1,-1
1926,1,14,77,-1,-1,-1,-1,-1
1927,1,14,78,-1,-1,-1,-1,-1
1928,1,14,79,-1,-1,-1,-1,-1
1929,1,14,80,-1,-1,-1,-1,-1
1930,1,14,81,-1,-1,-1,-1,-1
1931,1,14,82,-1,-1,-1,-1,-1
1932,1,14,83,-1,-1,-1,-1,-1
1933,1,14,84,-1,-1,-1,-1,-1
1934,1,14,85,-1,-1,-1,-1,-1
1935,1,14,86,-1,-1,-1,-1,-1
1936,1,14,87,-1,-1,-1,-1,-1
1937,1,14,88,-1,-1,-1,-1,-1
1938,1,14,89,-1,-1,-1,-1,-1
1939,1,14,90,-1,-1,-1,-1,-1
1940,1,14,91,-1,-1,-1,-1,-1
1941,1,14,92,-1,-1,-1,-1,-1
1942,1,14,93,-1,-1,-1,-1,-1
1943,1,14,94,-1,-1,-1,-1,-1
1944,1,14,95,-1,-1,-1,-1,-1
1945,1,14,96,-1,-1,-1,-1,-1
1946,1,14,97,-1,-1,-1,-1,-1
1947,1,14,98,-1,-1,-1,-1,-1
1948,1,14,99,-1,-1,-1,-1,-1
1949,1,14,100,-1,-1,-1,-1,-1
1950,1,14,101,-1,-1,-1,-1,-1
1951,1,14,102,-1,-1,-1,-1,-1
1952,1,14,103,-1,-1,-1,-1,-1
1953,1,14,104,-1,-1,-1,-1,-1
1954,1,14,105,-1,-1,-1,-1,-1
1955,1,14,106,-1,-1,-1,-1,-1
1956,1,14,107,-1,-1,-1,-1,-1
1957,1,14,108,-1,-1,-1,-1,-1
1958,1,14,109,-1,-1,-1,-1,-1
1959,1,14,110,-1,-1,-1,-1,-1
1960,1,14,111,-1,-1,-1,-1,-1
1961,1,14,112,-1,-1,-1,-1,-1
1962,1,14,113,-1,-1,-1,-1,-1
1963,1,14,114,-1,-1,-1,-1,-1
1964,1,14,115,-1,-1,-1,-1,-1
1965,1,14,116,-1,-1,-1,-1,-1
1966,1,14,117,-1,-1,-1,-1,-1
1967,1,14,118,-1,-1,-1,-1,-1
1968,1,14,119,-1,-1,-1,-1,-1
1969,1,14,120,-1,-1,-1,-1,-1
1970,1,14,121,-1,-1,-1,-1,-1
1971,1,14,122,-1,-1,-1,-1,-1
1972,1,14,123,-1,-1,-1,-1,-1
1973,1,14,124,-1,-1,-1,-1,-1
1974,1,14,125,-1,-1,-1,-1,-1
1975,1,14,126,-1,-1,-1,-1,-1
1976,1,14,127,-1,-1,-1,-1,-1
1977,1,14,128,-1,-1,-1,-1,-1
1978,1,14,129,-1,-1,-1,-1,-1
1979,1,14,130,-1,-1,-1,-1,-1
1980,1,14,131,-1,-1,-1,-1,-1
1981,1,15,0,-1,-1,-1,-1,-1
1982,1,15,1,-1,-1,-1,-1,-1
1983,1,15,2,-1,-1,-1,-1,-1
1984,1,15,3,-1,-1,-1,-1,-1
1985,1,15,4,-1,-1,-1,-1,-1
1986,1,15,5,-1,-1,-1,-1,-1
1987,1,15,6,-1,-1,-1,-1,-1
1988,1,15,7,-1,-1,-1,-1,-1
1989,1,15,8,-1,-1,-1,-1,-1
1990,1,15,9,-1,-1,-1,-1,-1
1991,1,15,10,-1,-1,-1,-1,-1
1992,1,15,11,-1,-1,-1,-1,-1
1993,1,15,12,-1,-1,-1,-1,-1
1994,1,15,13,-1,-1,-1,-1,-1
1995,1,15,14,-1,-1,-1,-1,-1
1996,1,15,15,-1,-1,-1,-1,-1
1997,1,15,16,-1,-1,-1,-1,-1
1998,1,15,17,-1,-1,-1,-1,-1
1999,1,15,18,-1,-1,-1,-1,-1
2000,1,15,19,-1,-1,-1,-1,-1
2001,1,15,20,-1,-1,-1,-1,-1
2002,1,15,21,-1,-1,-1,-1,-1
2003,1,15,22,-1,-1,-1,-1,-1
2004,1,15,23,-1,-1,-1,-1,-1
2005,1,15,24,-1,-1,-1,-1,-1
2006,1,15,25,-1,-1,-1,-1,-1
2007,1,15,26,-1,-1,-1,-1,-1
2008,1,15,27,-1,-1,-1,-1,-1
2009,1,15,28,-1,-1,-1,-1,-1
2010,1,15,29,-1,-1,-1,-1,-1
2011,1,15,30,-1,-1,-1,-1,-1
2012,1,15,31,-1,-1,-1,-1,-1
2013,1,15,32,-1,-1,-1,-1,-1
2014,1,15,33,-1,-1,-1,-1,-1
2015,1,15,34,-1,-1,-1,-1,-1
2016,1,15,35,-1,-1,-1,-1,-1
2017,1,15,36,-1,-1,-1,-1,-1
2018,1,15,37,-1,-1,-1,-1,-1
2019,1,15,38,-1,-1,-1,-1,-1
2020,1,15,39,-1,-1,-1,-1,-1
2021,1,15,40,-1,-1,-1,-1,-1
2022,1,15,41,-1,-1,-1,-1,-1
2023,1,15,42,-1,-1,-1,-1,-1
2024,1,15,43,-1,-1,-1,-1,-1
2025,1,15,44,-1,-1,-1,-1,-1
2026,1,15,45,-1,-1,-1,-1,-1
2027,1,15,46,-1,-1,-1,-1,-1
2028,1,15,47,-1,-1,-1,-1,-1
2029,1,15,48,-1,-1,-1,-1,-1
2030,1,15,49,-1,-1,-1,-1,-1
2031,1,15,50,-1,-1,-1,-1,-1
2032,1,15,51,-1,-1,-1,-1,-1
2033,1,15,52,-1,-1,-1,-1,-1
2034,1,15,53,-1,-1,-1,-1,-1
2035,1,15,54,-1,-1,-1,-1,-1
2036,1,15,55,-1,-1,-1,-1,-1
2037,1,15,56,-1,-1,-1,-1,-1
2038,1,15,57,-1,-1,-1,-1,-1
2039,1,15,58,-1,-1,-1,-1,-1
2040,1,15,59,-1,-1,-1,-1,-1
2041,1,15,60,-1,-1,-1,-1,-1
2042,1,15,61,-1,-1,-1,-1,-1
2043,1,15,62,-1,-1,-1,-1,-1
2044,1,15,63,-1,-1,-1,-1,-1
2045,1,15,64,-1,-1,-1,-1,-1
2046,1,15,65,-1,-1,-1,-1,-1
2047,1,15,66,-1,-1,-1,-1,-1
2048,1,15,67,-1,-1,-1,-1,-1
2049,1,15,68,-1,-1,-1,-1,-1
2050,1,15,69,-1,-1,-1,-1,-1
2051,1,15,70,-1,-1,-1,-1,-1
2052,1,15,71,-1,-1,-1,-1,-1
2053,1,15,72,-1,-1,-1,-1,-1
2054,1,15,73,-1,-1,-1,-1,-1
2055,1,15,74,-1,-1,-1,-1,-1
2056,1,15,75,-1,-1,-1,-1,-1
2057,1,15,76,-1,-1,-1,-1,-1
2058,1,15,77,-1,-1,-1,-1,-1
2059,1,15,78,-1,-1,-1,-1,-1
2060,1,15,79,-1,-1,-1,-1,-1
2061,1,15,80,-1,-1,-1,-1,-1
2062,1,15,81,-1,-1,-1,-1,-1
2063,1,15,82,-1,-1,-1,-1,-1
2064,1,15,83,-1,-1,-1,-1,-1
2065,1,15,84,-1,-1,-1,-1,-1
2066,1,15,85,-1,-1,-1,-1,-1
2067,1,15,86,-1,-1,-1,-1,-1
2068,1,15,87,-1,-1,-1,-1,-1
2069,1,15,88,-1,-1,-1,-1,-1
2070,1,15,89,-1,-1,-1,-1,-1
2071,1,15,90,-1,-1,-1,-1,-1
2072,1,15,91,-1,-1,-1,-1,-1
2073,1,15,92,-1,-1,-1,-1,-1
2074,1,15,93,-1,-1,-1,-1,-1
2075,1,15,94,-1,-1,-1,-1,-1
2076,1,15,95,-1,-1,-1,-1,-1
2077,1,15,96,-1,-1,-1,-1,-1
2078,1,15,97,-1,-1,-1,-1,-1
2079,1,15,98,-1,-1,-1,-1,-1
2080,1,15,99,-1,-1,-1,-1,-1
2081,1,15,100,-1,-1,-1,-1,-1
2082,1,15,101,-1,-1,-1,-1,-1
2083,1,15,102,-1,-1,-1,-1,-1
2084,1,15,103,-1,-1,-1,-1,-1
2085,1,15,104,-1,-1,-1,-1,-1
2086,1,15,105,-1,-1,-1,-1,-1
2087,1,15,106,-1,-1,-1,-1,-1
2088,1,15,107,-1,-1,-1,-1,-1
2089,1,15,108,-1,-1,-1,-1,-1
2090,1,15,109,-1,-1,-1,-1,-1
2091,1,15,110,-1,-1,-1,-1,-1
2092,1,15,111,-1,-1,-1,-1,-1
2093,1,15,112,-1,-1,-1,-1,-1
2094,1,15,113,-1,-1,-1,-1,-1
2095,1,15,114,-1,-1,-1,-1,-1
2096,1,15,115,-1,-1,-1,-1,-1
2097,1,15,116,-1,-1,-1,-1,-1
2098,1,15,117,-1,-1,-1,-1,-1
2099,1,15,118,-1,-1,-1,-1,-1
2100,1,15,119,-1,-1,-1,-1,-1
2101,1,15,120,-1,-1,-1,-1,-1
2102,1,15,121,-1,-1,-1,-1,-1
2103,1,15,122,-1,-1,-1,-1,-1
2104,1,15,123,-1,-1,-1,-1,-1
2105,1,15,124,-1,-1,-1,-1,-1
2106,1,15,125,-1,-1,-1,-1,-1
2107,1,15,126,-1,-1,-1,-1,-1
2108,1,15,127,-1,-1,-1,-1,-1
2109,1,15,128,-1,-1,-1,-1,-1
2110,1,15,129,-1,-1,-1,-1,-1
2111,1,15,130,-1,-1,-1,-1,-1
2112,1,15,131,-1,-1,-1,-1,-1
2113,1,16,0,-1,-1,-1,-1,-1
2114,1,16,1,-1,-1,-1,-1,-1
2115,1,16,2,-1,-1,-1,-1,-1
2116,1,16,3,-1,-1,-1,-1,-1
2117,1,16,4,-1,-1,-1,-1,-1
2118,1,16,5,-1,-1,-1,-1,-1
2119,1,16,6,-1,-1,-1,-1,-1
2120,1,16,7,-1,-1,-1,-1,-1
2121,1,16,8,-1,-1,-1,-1,-1
2122,1,16,9,-1,-1,-1,-1,-1
2123,1,16,10,-1,-1,-1,-1,-1
2124,1,16,11,-1,-1,-1,-1,-1
2125,1,16,12,-1,-1,-1,-1,-1
2126,1,16,13,-1,-1,-1,-1,-1
2127,1,16,14,-1,-1,-1,-1,-1
2128,1,16,15,-1,-1,-1,-1,-1
2129,1,16,16,-1,-1,-1,-1,-1
2130,1,16,17,-1,-1,-1,-1,-1
2131,1,16,18,-1,-1,-1,-1,-1
2132,1,16,19,-1,-1,-1,-1,-1
2133,1,16,20,-1,-1,-1,-1,-1
2134,1,16,21,-1,-1,-1,-1,-1
2135,1,16,22,-1,-1,-1,-1,-1
2136,1,16,23,-1,-1,-1,-1,-1
2137,1,16,24,-1,-1,-1,-1,-1
2138,1,16,25,-1,-1,-1,-1,-1
2139,1,16,26,-1,-1,-1,-1,-1
2140,1,16,27,-1,-1,-1,-1,-1
2141,1,16,28,-1,-1,-1,-1,-1
2142,1,16,29,-1,-1,-1,-1,-1
2143,1,16,30,-1,-1,-1,-1,-1
2144,1,16,31,-1,-1,-1,-1,-1
2145,1,16,32,-1,-1,-1,-1,-1
2146,1,16,33,-1,-1,-1,-1,-1
2147,1,16,34,-1,-1,-1,-1,-1
2148,1,16,35,-1,-1,-1,-1,-1
2149,1,16,36,-1,-1,-1,-1,-1
2150,1,16,37,-1,-1,-1,-1,-1
2151,1,16,38,-1,-1,-1,-1,-1
2152,1,16,39,-1,-1,-1,-1,-1
2153,1,16,40,-1,-1,-1,-1,-1
2154,1,16,41,-1,-1,-1,-1,-1
2155,1,16,42,-1,-1,-1,-1,-1
2156,1,16,43,-1,-1,-1,-1,-1
2157,1,16,44,-1,-1,-1,-1,-1
2158,1,16,45,-1,-1,-1,-1,-1
2159,1,16,46,-1,-1,-1,-1,-1
2160,1,16,47,-1,-1,-1,-1,-1
2161,1,16,48,-1,-1,-1,-1,-1
2162,1,16,49,-1,-1,-1,-1,-1
2163,1,16,50,-1,-1,-1,-1,-1
2164,1,16,51,-1,-1,-1,-1,-1
2165,1,16,52,-1,-1,-1,-1,-1
2166,1,16,53,-1,-1,-1,-1,-1
2167,1,16,54,-1,-1,-1,-1,-1
2168,1,16,55,-1,-1,-1,-1,-1
2169,1,16,56,-1,-1,-1,-1,-1
2170,1,16,57,-1,-1,-1,-1,-1
2171,1,16,58,-1,-1,-1,-1,-1
2172,1,16,59,-1,-1,-1,-1,-1
2173,1,16,60,-1,-1,-1,-1,-1
2174,1,16,61,-1,-1,-1,-1,-1
2175,1,16,62,-1,-1,-1,-1,-1
2176,1,16,63,-1,-1,-1,-1,-1
2177,1,16,64,-1,-1,-1,-1,-1
2178,1,16,65,-1,-1,-1,-1,-1
2179,1,16,66,-1,-1,-1,-1,-1
2180,1,16,67,-1,-1,-1,-1,-1
2181,1,16,68,-1,-1,-1,-1,-1
2182,1,16,69,-1,-1,-1,-1,-1
2183,1,16,70,-1,-1,-1,-1,-1
2184,1,16,71,-1,-1,-1,-1,-1
2185,1,16,72,-1,-1,-1,-1,-1
2186,1,16,73,-1,-1,-1,-1,-1
2187,1,16,74,-1,-1,-1,-1,-1
2188,1,16,75,-1,-1,-1,-1,-1
2189,1,16,76,-1,-1,-1,-1,-1
2190,1,16,77,-1,-1,-1,-1,-1
2191,1,16,78,-1,-1,-1,-1,-1
2192,1,16,79,-1,-1,-1,-1,-1
2193,1,16,80,-1,-1,-1,-1,-1
2194,1,16,81,-1,-1,-1,-1,-1
2195,1,16,82,-1,-1,-1,-1,-1
2196,1,16,83,-1,-1,-1,-1,-1
2197,1,16,84,-1,-1,-1,-1,-1
2198,1,16,85,-1,-1,-1,-1,-1
2199,1,16,86,-1,-1,-1,-1,-1
2200,1,16,87,-1,-1,-1,-1,-1
2201,1,16,88,-1,-1,-1,-1,-1
2202,1,16,89,-1,-1,-1,-1,-1
2203,1,16,90,-1,-1,-1,-1,-1
2204,1,16,91,-1,-1,-1,-1,-1
2205,1,16,92,-1,-1,-1,-1,-1
2206,1,16,93,-1,-1,-1,-1,-1
2207,1,16,94,-1,-1,-1,-1,-1
2208,1,16,95,-1,-1,-1,-1,-1
2209,1,16,96,-1,-1,-1,-1,-1
2210,1,16,97,-1,-1,-1,-1,-1
2211,1,16,98,-1,-1,-1,-1,-1
2212,1,16,99,-1,-1,-1,-1,-1
2213,1,16,100,-1,-1,-1,-1,-1
2214,1,16,101,-1,-1,-1,-1,-1
2215,1,16,102,-1,-1,-1,-1,-1
2216,1,16,103,-1,-1,-1,-1,-1
2217,1,16,104,-1,-1,-1,-1,-1
2218,1,16,105,-1,-1,-1,-1,-1
2219,1,16,106,-1,-1,-1,-1,-1
2220,1,16,107,-1,-1,-1,-1,-1
2221,1,16,108,-1,-1,-1,-1,-1
2222,1,16,109,-1,-1,-1,-1,-1
2223,1,16,110,-1,-1,-1,-1,-1
2224,1,16,111,-1,-1,-1,-1,-1
2225,1,16,112,-1,-1,-1,-1,-1
2226,1,16,113,-1,-1,-1,-1,-1
2227,1,16,114,-1,-1,-1,-1,-1
2228,1,16,115,-1,-1,-1,-1,-1
2229,1,16,116,-1,-1,-1,-1,-1
2230,1,16,117,-1,-1,-1,-1,-1
2231,1,16,118,-1,-1,-1,-1,-1
2232,1,16,119,-1,-1,-1,-1,-1
2233,1,16,120,-1,-1,-1,-1,-1
2234,1,16,121,-1,-1,-1,-1,-1
2235,1,16,122,-1,-1,-1,-1,-1
2236,1,16,123,-1,-1,-1,-1,-1
2237,1,16,124,-1,-1,-1,-1,-1
2238,1,16,125,-1,-1,-1,-1,-1
2239,1,16,126,-1,-1,-1,-1,-1
2240,1,16,127,-1,-1,-1,-1,-1
2241,1,16,128,-1,-1,-1,-1,-1
2242,1,16,129,-1,-1,-1,-1,-1
2243,1,16,130,-1,-1,-1,-1,-1
2244,1,16,131,-1,-1,-1,-1,-1
2245,1,17,0,-1,-1,-1,-1,-1
2246,1,17,1,-1,-1,-1,-1,-1
2247,1,17,2,-1,-1,-1,-1,-1
2248,1,17,3,-1,-1,-1,-1,-1
2249,1,17,4,-1,-1,-1,-1,-1
2250,1,17,5,-1,-1,-1,-1,-1
2251,1,17,6,-1,-1,-1,-1,-1
2252,1,17,7,-1,-1,-1,-1,-1
2253,1,17,8,-1,-1,-1,-1,-1
2254,1,17,9,-1,-1,-1,-1,-1
2255,1,17,10,-1,-1,-1,-1,-1
2256,1,17,11,-1,-1,-1,-1,-1
2257,1,17,12,-1,-1,-1,-1,-1
2258,1,17,13,-1,-1,-1,-1,-1
2259,1,17,14,-1,-1,-1,-1,-1
2260,1,17,15,-1,-1,-1,-1,-1
2261,1,17,16,-1,-1,-1,-1,-1
2262,1,17,17,-1,-1,-1,-1,-1
2263,1,17,18,-1,-1,-1,-1,-1
2264,1,17,19,-1,-1,-1,-1,-1
2265,1,17,20,-1,-1,-1,-1,-1
2266,1,17,21,-1,-1,-1,-1,-1
2267,1,17,22,-1,-1,-1,-1,-1
2268,1,17,23,-1,-1,-1,-1,-1
2269,1,17,24,-1,-1,-1,-1,-1
2270,1,17,25,-1,-1,-1,-1,-1
2271,1,17,26,-1,-1,-1,-1,-1
2272,1,17,27,-1,-1,-1,-1,-1
2273,1,17,28,-1,-1,-1,-1,-1
2274,1,17,29,-1,-1,-1,-1,-1
2275,1,17,30,-1,-1,-1,-1,-1
2276,1,17,31,-1,-1,-1,-1,-1
2277,1,17,32,-1,-1,-1,-1,-1
2278,1,17,33,-1,-1,-1,-1,-1
2279,1,17,34,-1,-1,-1,-1,-1
2280,1,17,35,-1,-1,-1,-1,-1
2281,1,17,36,-1,-1,-1,-1,-1
2282,1,17,37,-1,-1,-1,-1,-1
2283,1,17,38,-1,-1,-1,-1,-1
2284,1,17,39,-1,-1,-1,-1,-1
2285,1,17,40,-1,-1,-1,-1,-1
2286,1,17,41,-1,-1,-1,-1,-1
2287,1,17,42,-1,-1,-1,-1,-1
2288,1,17,43,-1,-1,-1,-1,-1
2289,1,17,44,-1,-1,-1,-1,-1
2290,1,17,45,-1,-1,-1,-1,-1
2291,1,17,46,-1,-1,-1,-1,-1
2292,1,17,47,-1,-1,-1,-1,-1
2293,1,17,48,-1,-1,-1,-1,-1
2294,1,17,49,-1,-1,-1,-1,-1
2295,1,17,50,-1,-1,-1,-1,-1
2296,1,17,51,-1,-1,-1,-1,-1
2297,1,17,52,-1,-1,-1,-1,-1
2298,1,17,53,-1,-1,-1,-1,-1
2299,1,17,54,-1,-1,-1,-1,-1
2300,1,17,55,-1,-1,-1,-1,-1
2301,1,17,56,-1,-1,-1,-1,-1
2302,1,17,57,-1,-1,-1,-1,-1
2303,1,17,58,-1,-1,-1,-1,-1
2304,1,17,59,-1,-1,-1,-1,-1
2305,1,17,60,-1,-1,-1,-1,-1
2306,1,17,61,-1,-1,-1,-1,-1
2307,1,17,62,-1,-1,-1,-1,-1
2308,1,17,63,-1,-1,-1,-1,-1
2309,1,17,64,-1,-1,-1,-1,-1
2310,1,17,65,-1,-1,-1,-1,-1
2311,1,17,66,-1,-1,-1,-1,-1
2312,1,17,67,-1,-1,-1,-1,-1
2313,1,17,68,-1,-1,-1,-1,-1
2314,1,17,69,-1,-1,-1,-1,-1
2315,1,17,70,-1,-1,-1,-1,-1
2316,1,17,71,-1,-1,-1,-1,-1
2317,1,17,72,-1,-1,-1,-1,-1
2318,1,17,73,-1,-1,-1,-1,-1
2319,1,17,74,-1,-1,-1,-1,-1
2320,1,17,75,-1,-1,-1,-1,-1
2321,1,17,76,-1,-1,-1,-1,-1
2322,1,17,77,-1,-1,-1,-1,-1
2323,1,17,78,-1,-1,-1,-1,-1
2324,1,17,79,-1,-1,-1,-1,-1
2325,1,17,80,-1,-1,-1,-1,-1
2326,1,17,81,-1,-1,-1,-1,-1
2327,1,17,82,-1,-1,-1,-1,-1
2328,1,17,83,-1,-1,-1,-1,-1
2329,1,17,84,-1,-1,-1,-1,-1
2330,1,17,85,-1,-1,-1,-1,-1
2331,1,17,86,-1,-1,-1,-1,-1
2332,1,17,87,-1,-1,-1,-1,-1
2333,1,17,88,-1,-1,-1,-1,-1
2334,1,17,89,-1,-1,-1,-1,-1
2335,1,17,90,-1,-1,-1,-1,-1
2336,1,17,91,-1,-1,-1,-1,-1
2337,1,17,92,-1,-1,-1,-1,-1
2338,1,17,93,-1,-1,-1,-1,-1
2339,1,17,94,-1,-1,-1,-1,-1
2340,1,17,95,-1,-1,-1,-1,-1
2341,1,17,96,-1,-1,-1,-1,-1
2342,1,17,97,-1,-1,-1,-1,-1
2343,1,17,98,-1,-1,-1,-1,-1
2344,1,17,99,-1,-1,-1,-1,-1
2345,1,17,100,-1,-1,-1,-1,-1
2346,1,17,101,-1,-1,-1,-1,-1
2347,1,17,102,-1,-1,-1,-1,-1
2348,1,17,103,-1,-1,-1,-1,-1
2349,1,17,104,-1,-1,-1,-1,-1
2350,1,17,105,-1,-1,-1,-1,-1
2351,1,17,106,-1,-1,-1,-1,-1
2352,1,17,107,-1,-1,-1,-1,-1
2353,1,17,108,-1,-1,-1,-1,-1
2354,1,17,109,-1,-1,-1,-1,-1
2355,1,17,110,-1,-1,-1,-1,-1
2356,1,17,111,-1,-1,-1,-1,-1
2357,1,17,112,-1,-1,-1,-1,-1
2358,1,17,113,-1,-1,-1,-1,-1
2359,1,17,114,-1,-1,-1,-1,-1
2360,1,17,115,-1,-1,-1,-1,-1
2361,1,17,116,-1,-1,-1,-1,-1
2362,1,17,117,-1,-1,-1,-1,-1
2363,1,17,118,-1,-1,-1,-1,-1
2364,1,17,119,-1,-1,-1,-1,-1
2365,1,17,120,-1,-1,-1,-1,-1
2366,1,17,121,-1,-1,-1,-1,-1
2367,1,17,122,-1,-1,-1,-1,-1
2368,1,17,123,-1,-1,-1,-1,-1
2369,1,17,124,-1,-1,-1,-1,-1
2370,1,17,125,-1,-1,-1,-1,-1
2371,1,17,126,-1,-1,-1,-1,-1
2372,1,17,127,-1,-1,-1,-1,-1
2373,1,17,128,-1,-1,-1,-1,-1
2374,1,17,129,-1,-1,-1,-1,-1
2375,1,17,130,-1,-1,-1,-1,-1
2376,1,17,131,-1,-1,-1,-1,-1
2377,1,18,0,-1,-1,-1,-1,-1
2378,1,18,1,-1,-1,-1,-1,-1
2379,1,18,2,-1,-1,-1,-1,-1
2380,1,18,3,-1,-1,-1,-1,-1
2381,1,18,4,-1,-1,-1,-1,-1
2382,1,18,5,-1,-1,-1,-1,-1
2383,1,18,6,-1,-1,-1,-1,-1
2384,1,18,7,-1,-1,-1,-1,-1
2385,1,18,8,-1,-1,-1,-1,-1
2386,1,18,9,-1,-1,-1,-1,-1
2387,1,18,10,-1,-1,-1,-1,-1
2388,1,18,11,-1,-1,-1,-1,-1
2389,1,18,12,-1,-1,-1,-1,-1
2390,1,18,13,-1,-1,-1,-1,-1
2391,1,18,14,-1,-1,-1,-1,-1
2392,1,18,15,-1,-1,-1,-1,-1
2393,1,18,16,-1,-1,-1,-1,-1
2394,1,18,17,-1,-1,-1,-1,-1
2395,1,18,18,-1,-1,-1,-1,-1
2396,1,18,19,-1,-1,-1,-1,-1
2397,1,18,20,-1,-1,-1,-1,-1
2398,1,18,21,-1,-1,-1,-1,-1
2399,1,18,22,-1,-1,-1,-1,-1
2400,1,18,23,-1,-1,-1,-1,-1
2401,1,18,24,-1,-1,-1,-1,-1
2402,1,18,25,-1,-1,-1,-1,-1
2403,1,18,26,-1,-1,-1,-1,-1
2404,1,18,27,-1,-1,-1,-1,-1
2405,1,18,28,-1,-1,-1,-1,-1
2406,1,18,29,-1,-1,-1,-1,-1
2407,1,18,30,-1,-1,-1,-1,-1
2408,1,18,31,-1,-1,-1,-1,-1
2409,1,18,32,-1,-1,-1,-1,-1
2410,1,18,33,-1,-1,-1,-1,-1
2411,1,18,34,-1,-1,-1,-1,-1
2412,1,18,35,-1,-1,-1,-1,-1
2413,1,18,36,-1,-1,-1,-1,-1
2414,1,18,37,-1,-1,-1,-1,-1
2415,1,18,38,-1,-1,-1,-1,-1
2416,1,18,39,-1,-1,-1,-1,-1
2417,1,18,40,-1,-1,-1,-1,-1
2418,1,18,41,-1,-1,-1,-1,-1
2419,1,18,42,-1,-1,-1,-1,-1
2420,1,18,43,-1,-1,-1,-1,-1
2421,1,18,44,-1,-1,-1,-1,-1
2422,1,18,45,-1,-1,-1,-1,-1
2423,1,18,46,-1,-1,-1,-1,-1
2424,1,18,47,-1,-1,-1,-1,-1
2425,1,18,48,-1,-1,-1,-1,-1
2426,1,18,49,-1,-1,-1,-1,-1
2427,1,18,50,-1,-1,-1,-1,-1
2428,1,18,51,-1,-1,-1,-1,-1
2429,1,18,52,-1,-1,-1,-1,-1
2430,1,18,53,-1,-1,-1,-1,-1
2431,1,18,54,-1,-1,-1,-1,-1
2432,1,18,55,-1,-1,-1,-1,-1
2433,1,18,56,-1,-1,-1,-1,-1
2434,1,18,57,-1,-1,-1,-1,-1
2435,1,18,58,-1,-1,-1,-1,-1
2436,1,18,59,-1,-1,-1,-1,-1
2437,1,18,60,-1,-1,-1,-1,-1
2438,1,18,61,-1,-1,-1,-1,-1
2439,1,18,62,-1,-1,-1,-1,-1
2440,1,18,63,-1,-1,-1,-1,-1
2441,1,18,64,-1,-1,-1,-1,-1
2442,1,18,65,-1,-1,-1,-1,-1
2443,1,18,66,-1,-1,-1,-1,-1
2444,1,18,67,-1,-1,-1,-1,-1
2445,1,18,68,-1,-1,-1,-1,-1
2446,1,18,69,-1,-1,-1,-1,-1
2447,1,18,70,-1,-1,-1,-1,-1
2448,1,18,71,-1,-1,-1,-1,-1
2449,1,18,72,-1,-1,-1,-1,-1
2450,1,18,73,-1,-1,-1,-1,-1
2451,1,18,74,-1,-1,-1,-1,-1
2452,1,18,75,-1,-1,-1,-1,-1
2453,1,18,76,-1,-1,-1,-1,-1
2454,1,18,77,-1,-1,-1,-1,-1
2455,1,18,78,-1,-1,-1,-1,-1
2456,1,18,79,-1,-1,-1,-1,-1
2457,1,18,80,-1,-1,-1,-1,-1
2458,1,18,81,-1,-1,-1,-1,-1
2459,1,18,82,-1,-1,-1,-1,-1
2460,1,18,83,-1,-1,-1,-1,-1
2461,1,18,84,-1,-1,-1,-1,-1
2462,1,18,85,-1,-1,-1,-1,-1
2463,1,18,86,-1,-1,-1,-1,-1
2464,1,18,87,-1,-1,-1,-1,-1
2465,1,18,88,-1,-1,-1,-1,-1
2466,1,18,89,-1,-1,-1,-1,-1
2467,1,18,90,-1,-1,-1,-1,-1
2468,1,18,91,-1,-1,-1,-1,-1
2469,1,18,92,-1,-1,-1,-1,-1
2470,1,18,93,-1,-1,-1,-1,-1
2471,1,18,94,-1,-1,-1,-1,-1
2472,1,18,95,-1,-1,-1,-1,-1
2473,1,18,96,-1,-1,-1,-1,-1
2474,1,18,97,-1,-1,-1,-1,-1
2475,1,18,98,-1,-1,-1,-1,-1
2476,1,18,99,-1,-1,-1,-1,-1
2477,1,18,100,-1,-1,-1,-1,-1
2478,1,18,101,-1,-1,-1,-1,-1
2479,1,18,102,-1,-1,-1,-1,-1
2480,1,18,103,-1,-1,-1,-1,-1
2481,1,18,104,-1,-1,-1,-1,-1
2482,1,18,105,-1,-1,-1,-1,-1
2483,1,18,106,-1,-1,-1,-1,-1
2484,1,18,107,-1,-1,-1,-1,-1
2485,1,18,108,-1,-1,-1,-1,-1
2486,1,18,109,-1,-1,-1,-1,-1
2487,1,18,110,-1,-1,-1,-1,-1
2488,1,18,111,-1,-1,-1,-1,-1
2489,1,18,112,-1,-1,-1,-1,-1
2490,1,18,113,-1,-1,-1,-1,-1
2491,1,18,114,-1,-1,-1,-1,-1
2492,1,18,115,-1,-1,-1,-1,-1
2493,1,18,116,-1,-1,-1,-1,-1
2494,1,18,117,-1,-1,-1,-1,-1
2495,1,18,118,-1,-1,-1,-1,-1
2496,1,18,119,-1,-1,-1,-1,-1
2497,1,18,120,-1,-1,-1,-1,-1
2498,1,18,121,-1,-1,-1,-1,-1
2499,1,18,122,-1,-1,-1,-1,-1
2500,1,18,123,-1,-1,-1,-1,-1
2501,1,18,124,-1,-1,-1,-1,-1
2502,1,18,125,-1,-1,-1,-1,-1
2503,1,18,126,-1,-1,-1,-1,-1
2504,1,18,127,-1,-1,-1,-1,-1
2505,1,18,128,-1,-1,-1,-1,-1
2506,1,18,129,-1,-1,-1,-1,-1
2507,1,18,130,-1,-1,-1,-1,-1
2508,1,18,131,-1,-1,-1,-1,-1
2509,1,19,0,-1,-1,-1,-1,-1
2510,1,19,1,-1,-1,-1,-1,-1
2511,1,19,2,-1,-1,-1,-1,-1
2512,1,19,3,-1,-1,-1,-1,-1
2513,1,19,4,-1,-1,-1,-1,-1
2514,1,19,5,-1,-1,-1,-1,-1
2515,1,19,6,-1,-1,-1,-1,-1
2516,1,19,7,-1,-1,-1,-1,-1
2517,1,19,8,-1,-1,-1,-1,-1
2518,1,19,9,-1,-1,-1,-1,-1
2519,1,19,10,-1,-1,-1,-1,-1
2520,1,19,11,-1,-1,-1,-1,-1
2521,1,19,12,-1,-1,-1,-1,-1
2522,1,19,13,-1,-1,-1,-1,-1
2523,1,19,14,-1,-1,-1,-1,-1
2524,1,19,15,-1,-1,-1,-1,-1
2525,1,19,16,-1,-1,-1,-1,-1
2526,1,19,17,-1,-1,-1,-1,-1
2527,1,19,18,-1,-1,-1,-1,-1
2528,1,19,19,-1,-1,-1,-1,-1
2529,1,19,20,-1,-1,-1,-1,-1
2530,1,19,21,-1,-1,-1,-1,-1
2531,1,19,22,-1,-1,-1,-1,-1
2532,1,19,23,-1,-1,-1,-1,-1
2533,1,19,24,-1,-1,-1,-1,-1
2534,1,19,25,-1,-1,-1,-1,-1
2535,1,19,26,-1,-1,-1,-1,-1
2536,1,19,27,-1,-1,-1,-1,-1
2537,1,19,28,-1,-1,-1,-1,-1
2538,1,19,29,-1,-1,-1,-1,-1
2539,1,19,30,-1,-1,-1,-1,-1
2540,1,19,31,-1,-1,-1,-1,-1
2541,1,19,32,-1,-1,-1,-1,-1
2542,1,19,33,-1,-1,-1,-1,-1
2543,1,19,34,-1,-1,-1,-1,-1
2544,1,19,35,-1,-1,-1,-1,-1
2545,1,19,36,-1,-1,-1,-1,-1
2546,1,19,37,-1,-1,-1,-1,-1
2547,1,19,38,-1,-1,-1,-1,-1
2548,1,19,39,-1,-1,-1,-1,-1
2549,1,19,40,-1,-1,-1,-1,-1
2550,1,19,41,-1,-1,-1,-1,-1
2551,1,19,42,-1,-1,-1,-1,-1
2552,1,19,43,-1,-1,-1,-1,-1
2553,1,19,44,-1,-1,-1,-1,-1
2554,1,19,45,-1,-1,-1,-1,-1
2555,1,19,46,-1,-1,-1,-1,-1
2556,1,19,47,-1,-1,-1,-1,-1
2557,1,19,48,-1,-1,-1,-1,-1
2558,1,19,49,-1,-1,-1,-1,-1
2559,1,19,50,-1,-1,-1,-1,-1
2560,1,19,51,-1,-1,-1,-1,-1
2561,1,19,52,-1,-1,-1,-1,-1
2562,1,19,53,-1,-1,-1,-1,-1
2563,1,19,54,-1,-1,-1,-1,-1
2564,1,19,55,-1,-1,-1,-1,-1
2565,1,19,56,-1,-1,-1,-1,-1
2566,1,19,57,-1,-1,-1,-1,-1
2567,1,19,58,-1,-1,-1,-1,-1
2568,1,19,59,-1,-1,-1,-1,-1
2569,1,19,60,-1,-1,-1,-1,-1
2570,1,19,61,-1,-1,-1,-1,-1
2571,1,19,62,-1,-1,-1,-1,-1
2572,1,19,63,-1,-1,-1,-1,-1
2573,1,19,64,-1,-1,-1,-1,-1
2574,1,19,65,-1,-1,-1,-1,-1
2575,1,19,66,-1,-1,-1,-1,-1
2576,1,19,67,-1,-1,-1,-1,-1
2577,1,19,68,-1,-1,-1,-1,-1
2578,1,19,69,-1,-1,-1,-1,-1
2579,1,19,70,-1,-1,-1,-1,-1
2580,1,19,71,-1,-1,-1,-1,-1
2581,1,19,72,-1,-1,-1,-1,-1
2582,1,19,73,-1,-1,-1,-1,-1
2583,1,19,74,-1,-1,-1,-1,-1
2584,1,19,75,-1,-1,-1,-1,-1
2585,1,19,76,-1,-1,-1,-1,-1
2586,1,19,77,-1,-1,-1,-1,-1
2587,1,19,78,-1,-1,-1,-1,-1
2588,1,19,79,-1,-1,-1,-1,-1
2589,1,19,80,-1,-1,-1,-1,-1
2590,1,19,81,-1,-1,-1,-1,-1
2591,1,19,82,-1,-1,-1,-1,-1
2592,1,19,83,-1,-1,-1,-1,-1
2593,1,19,84,-1,-1,-1,-1,-1
2594,1,19,85,-1,-1,-1,-1,-1
2595,1,19,86,-1,-1,-1,-1,-1
2596,1,19,87,-1,-1,-1,-1,-1
2597,1,19,88,-1,-1,-1,-1,-1
2598,1,19,89,-1,-1,-1,-1,-1
2599,1,19,90,-1,-1,-1,-1,-1
2600,1,19,91,-1,-1,-1,-1,-1
2601,1,19,92,-1,-1,-1,-1,-1
2602,1,19,93,-1,-1,-1,-1,-1
2603,1,19,94,-1,-1,-1,-1,-1
2604,1,19,95,-1,-1,-1,-1,-1
2605,1,19,96,-1,-1,-1,-1,-1
2606,1,19,97,-1,-1,-1,-1,-1
2607,1,19,98,-1,-1,-1,-1,-1
2608,1,19,99,-1,-1,-1,-1,-1
2609,1,19,100,-1,-1,-1,-1,-1
2610,1,19,101,-1,-1,-1,-1,-1
2611,1,19,102,-1,-1,-1,-1,-1
2612,1,19,103,-1,-1,-1,-1,-1
2613,1,19,104,-1,-1,-1,-1,-1
2614,1,19,105,-1,-1,-1,-1,-1
2615,1,19,106,-1,-1,-1,-1,-1
2616,1,19,107,-1,-1,-1,-1,-1
2617,1,19,108,-1,-1,-1,-1,-1
2618,1,19,109,-1,-1,-1,-1,-1
2619,1,19,110,-1,-1,-1,-1,-1
2620,1,19,111,-1,-1,-1,-1,-1
2621,1,19,112,-1,-1,-1,-1,-1
2622,1,19,113,-1,-1,-1,-1,-1
2623,1,19,114,-1,-1,-1,-1,-1
2624,1,19,115,-1,-1,-1,-1,-1
2625,1,19,116,-1,-1,-1,-1,-1
2626,1,19,117,-1,-1,-1,-1,-1
2627,1,19,118,-1,-1,-1,-1,-1
2628,1,19,119,-1,-1,-1,-1,-1
2629,1,19,120,-1,-1,-1,-1,-1
2630,1,19,121,-1,-1,-1,-1,-1
2631,1,19,122,-1,-1,-1,-1,-1
2632,1,19,123,-1,-1,-1,-1,-1
2633,1,19,124,-1,-1,-1,-1,-1
2634,1,19,125,-1,-1,-1,-1,-1
2635,1,19,126,-1,-1,-1,-1,-1
2636,1,19,127,-1,-1,-1,-1,-1
2637,1,19,128,-1,-1,-1,-1,-1
2638,1,19,129,-1,-1,-1,-1,-1
2639,1,19,130,-1,-1,-1,-1,-1
2640,1,19,131,-1,-1,-1,-1,-1
2641,1,20,0,-1,-1,-1,-1,-1
2642,1,20,1,-1,-1,-1,-1,-1
2643,1,20,2,-1,-1,-1,-1,-1
2644,1,20,3,-1,-1,-1,-1,-1
2645,1,20,4,-1,-1,-1,-1,-1
2646,1,20,5,-1,-1,-1,-1,-1
2647,1,20,6,-1,-1,-1,-1,-1
2648,1,20,7,-1,-1,-1,-1,-1
2649,1,20,8,-1,-1,-1,-1,-1
2650,1,20,9,-1,-1,-1,-1,-1
2651,1,20,10,-1,-1,-1,-1,-1
2652,1,20,11,-1,-1,-1,-1,-1
2653,1,20,12,-1,-1,-1,-1,-1
2654,1,20,13,-1,-1,-1,-1,-1
2655,1,20,14,-1,-1,-1,-1,-1
2656,1,20,15,-1,-1,-1,-1,-1
2657,1,20,16,-1,-1,-1,-1,-1
2658,1,20,17,-1,-1,-1,-1,-1
2659,1,20,18,-1,-1,-1,-1,-1
2660,1,20,19,-1,-1,-1,-1,-1
2661,1,20,20,-1,-1,-1,-1,-1
2662,1,20,21,-1,-1,-1,-1,-1
2663,1,20,22,-1,-1,-1,-1,-1
2664,1,20,23,-1,-1,-1,-1,-1
2665,1,20,24,-1,-1,-1,-1,-1
2666,1,20,25,-1,-1,-1,-1,-1
2667,1,20,26,-1,-1,-1,-1,-1
2668,1,20,27,-1,-1,-1,-1,-1
2669,1,20,28,-1,-1,-1,-1,-1
2670,1,20,29,-1,-1,-1,-1,-1
2671,1,20,30,-1,-1,-1,-1,-1
2672,1,20,31,-1,-1,-1,-1,-1
2673,1,20,32,-1,-1,-1,-1,-1
2674,1,20,33,-1,-1,-1,-1,-1
2675,1,20,34,-1,-1,-1,-1,-1
2676,1,20,35,-1,-1,-1,-1,-1
2677,1,20,36,-1,-1,-1,-1,-1
2678,1,20,37,-1,-1,-1,-1,-1
2679,1,20,38,-1,-1,-1,-1,-1
2680,1,20,39,-1,-1,-1,-1,-1
2681,1,20,40,-1,-1,-1,-1,-1
2682,1,20,41,-1,-1,-1,-1,-1
2683,1,20,42,-1,-1,-1,-1,-1
2684,1,20,43,-1,-1,-1,-1,-1
2685,1,20,44,-1,-1,-1,-1,-1
2686,1,20,45,-1,-1,-1,-1,-1
2687,1,20,46,-1,-1,-1,-1,-1
2688,1,20,47,-1,-1,-1,-1,-1
2689,1,20,48,-1,-1,-1,-1,-1
2690,1,20,49,-1,-1,-1,-1,-1
2691,1,20,50,-1,-1,-1,-1,-1
2692,1,20,51,-1,-1,-1,-1,-1
2693,1,20,52,-1,-1,-1,-1,-1
2694,1,20,53,-1,-1,-1,-1,-1
2695,1,20,54,-1,-1,-1,-1,-1
2696,1,20,55,-1,-1,-1,-1,-1
2697,1,20,56,-1,-1,-1,-1,-1
2698,1,20,57,-1,-1,-1,-1,-1
2699,1,20,58,-1,-1,-1,-1,-1
2700,1,20,59,-1,-1,-1,-1,-1
2701,1,20,60,-1,-1,-1,-1,-1
2702,1,20,61,-1,-1,-1,-1,-1
2703,1,20,62,-1,-1,-1,-1,-1
2704,1,20,63,-1,-1,-1,-1,-1
2705,1,20,64,-1,-1,-1,-1,-1
2706,1,20,65,-1,-1,-1,-1,-1
2707,1,20,66,-1,-1,-1,-1,-1
2708,1,20,67,-1,-1,-1,-1,-1
2709,1,20,68,-1,-1,-1,-1,-1
2710,1,20,69,-1,-1,-1,-1,-1
2711,1,20,70,-1,-1,-1,-1,-1
2712,1,20,71,-1,-1,-1,-1,-1
2713,1,20,72,-1,-1,-1,-1,-1
2714,1,20,73,-1,-1,-1,-1,-1
2715,1,20,74,-1,-1,-1,-1,-1
2716,1,20,75,-1,-1,-1,-1,-1
2717,1,20,76,-1,-1,-1,-1,-1
2718,1,20,77,-1,-1,-1,-1,-1
2719,1,20,78,-1,-1,-1,-1,-1
2720,1,20,79,-1,-1,-1,-1,-1
2721,1,20,80,-1,-1,-1,-1,-1
2722,1,20,81,-1,-1,-1,-1,-1
2723,1,20,82,-1,-1,-1,-1,-1
2724,1,20,83,-1,-1,-1,-1,-1
2725,1,20,84,-1,-1,-1,-1,-1
2726,1,20,85,-1,-1,-1,-1,-1
2727,1,20,86,-1,-1,-1,-1,-1
2728,1,20,87,-1,-1,-1,-1,-1
2729,1,20,88,-1,-1,-1,-1,-1
2730,1,20,89,-1,-1,-1,-1,-1
2731,1,20,90,-1,-1,-1,-1,-1
2732,1,20,91,-1,-1,-1,-1,-1
2733,1,20,92,-1,-1,-1,-1,-1
2734,1,20,93,-1,-1,-1,-1,-1
2735,1,20,94,-1,-1,-1,-1,-1
2736,1,20,95,-1,-1,-1,-1,-1
2737,1,20,96,-1,-1,-1,-1,-1
2738,1,20,97,-1,-1,-1,-1,-1
2739,1,20,98,-1,-1,-1,-1,-1
2740,1,20,99,-1,-1,-1,-1,-1
2741,1,20,100,-1,-1,-1,-1,-1
2742,1,20,101,-1,-1,-1,-1,-1
2743,1,20,102,-1,-1,-1,-1,-1
2744,1,20,103,-1,-1,-1,-1,-1
2745,1,20,104,-1,-1,-1,-1,-1
2746,1,20,105,-1,-1,-1,-1,-1
2747,1,20,106,-1,-1,-1,-1,-1
2748,1,20,107,-1,-1,-1,-1,-1
2749,1,20,108,-1,-1,-1,-1,-1
2750,1,20,109,-1,-1,-1,-1,-1
2751,1,20,110,-1,-1,-1,-1,-1
2752,1,20,111,-1,-1,-1,-1,-1
2753,1,20,112,-1,-1,-1,-1,-1
2754,1,20,113,-1,-1,-1,-1,-1
2755,1,20,114,-1,-1,-1,-1,-1
2756,1,20,115,-1,-1,-1,-1,-1
2757,1,20,116,-1,-1,-1,-1,-1
2758,1,20,117,-1,-1,-1,-1,-1
2759,1,20,118,-1,-1,-1,-1,-1
2760,1,20,119,-1,-1,-1,-1,-1
2761,1,20,120,-1,-1,-1,-1,-1
2762,1,20,121,-1,-1,-1,-1,-1
2763,1,20,122,-1,-1,-1,-1,-1
2764,1,20,123,-1,-1,-1,-1,-1
2765,1,20,124,-1,-1,-1,-1,-1
2766,1,20,125,-1,-1,-1,-1,-1
2767,1,20,126,-1,-1,-1,-1,-1
2768,1,20,127,-1,-1,-1,-1,-1
2769,1,20,128,-1,-1,-1,-1,-1
2770,1,20,129,-1,-1,-1,-1,-1
2771,1,20,130,-1,-1,-1,-1,-1
2772,1,20,131,-1,-1,-1,-1,-1
2773,1,21,0,-1,-1,-1,-1,-1
2774,1,21,1,-1,-1,-1,-1,-1
2775,1,21,2,-1,-1,-1,-1,-1
2776,1,21,3,-1,-1,-1,-1,-1
2777,1,21,4,-1,-1,-1,-1,-1
2778,1,21,5,-1,-1,-1,-1,-1
2779,1,21,6,-1,-1,-1,-1,-1
2780,1,21,7,-1,-1,-1,-1,-1
2781,1,21,8,-1,-1,-1,-1,-1
2782,1,21,9,-1,-1,-1,-1,-1
2783,1,21,10,-1,-1,-1,-1,-1
2784,1,21,11,-1,-1,-1,-1,-1
2785,1,21,12,-1,-1,-1,-1,-1
2786,1,21,13,-1,-1,-1,-1,-1
2787,1,21,14,-1,-1,-1,-1,-1
2788,1,21,15,-1,-1,-1,-1,-1
2789,1,21,16,-1,-1,-1,-1,-1
2790,1,21,17,-1,-1,-1,-1,-1
2791,1,21,18,-1,-1,-1,-1,-1
2792,1,21,19,-1,-1,-1,-1,-1
2793,1,21,20,-1,-1,-1,-1,-1
2794,1,21,21,-1,-1,-1,-1,-1
2795,1,21,22,-1,-1,-1,-1,-1
2796,1,21,23,-1,-1,-1,-1,-1
2797,1,21,24,-1,-1,-1,-1,-1
2798,1,21,25,-1,-1,-1,-1,-1
2799,1,21,26,-1,-1,-1,-1,-1
2800,1,21,27,-1,-1,-1,-1,-1
2801,1,21,28,-1,-1,-1,-1,-1
2802,1,21,29,-1,-1,-1,-1,-1
2803,1,21,30,-1,-1,-1,-1,-1
2804,1,21,31,-1,-1,-1,-1,-1
2805,1,21,32,-1,-1,-1,-1,-1
2806,1,21,33,-1,-1,-1,-1,-1
2807,1,21,34,-1,-1,-1,-1,-1
2808,1,21,35,-1,-1,-1,-1,-1
2809,1,21,36,-1,-1,-1,-1,-1
2810,1,21,37,-1,-1,-1,-1,-1
2811,1,21,38,-1,-1,-1,-1,-1
2812,1,21,39,-1,-1,-1,-1,-1
2813,1,21,40,-1,-1,-1,-1,-1
2814,1,21,41,-1,-1,-1,-1,-1
2815,1,21,42,-1,-1,-1,-1,-1
2816,1,21,43,-1,-1,-1,-1,-1
2817,1,21,44,-1,-1,-1,-1,-1
2818,1,21,45,-1,-1,-1,-1,-1
2819,1,21,46,-1,-1,-1,-1,-1
2820,1,21,47,-1,-1,-1,-1,-1
2821,1,21,48,-1,-1,-1,-1,-1
2822,1,21,49,-1,-1,-1,-1,-1
2823,1,21,50,-1,-1,-1,-1,-1
2824,1,21,51,-1,-1,-1,-1,-1
2825,1,21,52,-1,-1,-1,-1,-1
2826,1,21,53,-1,-1,-1,-1,-1
2827,1,21,54,-1,-1,-1,-1,-1
2828,1,21,55,-1,-1,-1,-1,-1
2829,1,21,56,-1,-1,-1,-1,-1
2830,1,21,57,-1,-1,-1,-1,-1
2831,1,21,58,-1,-1,-1,-1,-1
2832,1,21,59,-1,-1,-1,-1,-1
2833,1,21,60,-1,-1,-1,-1,-1
2834,1,21,61,-1,-1,-1,-1,-1
2835,1,21,62,-1,-1,-1,-1,-1
2836,1,21,63,-1,-1,-1,-1,-1
2837,1,21,64,-1,-1,-1,-1,-1
2838,1,21,65,-1,-1,-1,-1,-1
2839,1,21,66,-1,-1,-1,-1,-1
2840,1,21,67,-1,-1,-1,-1,-1
2841,1,21,68,-1,-1,-1,-1,-1
2842,1,21,69,-1,-1,-1,-1,-1
2843,1,21,70,-1,-1,-1,-1,-1
2844,1,21,71,-1,-1,-1,-1,-1
2845,1,21,72,-1,-1,-1,-1,-1
2846,1,21,73,-1,-1,-1,-1,-1
2847,1,21,74,-1,-1,-1,-1,-1
2848,1,21,75,-1,-1,-1,-1,-1
2849,1,21,76,-1,-1,-1,-1,-1
2850,1,21,77,-1,-1,-1,-1,-1
2851,1,21,78,-1,-1,-1,-1,-1
2852,1,21,79,-1,-1,-1,-1,-1
2853,1,21,80,-1,-1,-1,-1,-1
2854,1,21,81,-1,-1,-1,-1,-1
2855,1,21,82,-1,-1,-1,-1,-1
2856,1,21,83,-1,-1,-1,-1,-1
2857,1,21,84,-1,-1,-1,-1,-1
2858,1,21,85,-1,-1,-1,-1,-1
2859,1,21,86,-1,-1,-1,-1,-1
2860,1,21,87,-1,-1,-1,-1,-1
2861,1,21,88,-1,-1,-1,-1,-1
2862,1,21,89,-1,-1,-1,-1,-1
2863,1,21,90,-1,-1,-1,-1,-1
2864,1,21,91,-1,-1,-1,-1,-1
2865,1,21,92,-1,-1,-1,-1,-1
2866,1,21,93,-1,-1,-1,-1,-1
2867,1,21,94,-1,-1,-1,-1,-1
2868,1,21,95,-1,-1,-1,-1,-1
2869,1,21,96,-1,-1,-1,-1,-1
2870,1,21,97,-1,-1,-1,-1,-1
2871,1,21,98,-1,-1,-1,-1,-1
2872,1,21,99,-1,-1,-1,-1,-1
2873,1,21,100,-1,-1,-1,-1,-1
2874,1,21,101,-1,-1,-1,-1,-1
2875,1,21,102,-1,-1,-1,-1,-1
2876,1,21,103,-1,-1,-1,-1,-1
2877,1,21,104,-1,-1,-1,-1,-1
2878,1,21,105,-1,-1,-1,-1,-1
2879,1,21,106,-1,-1,-1,-1,-1
2880,1,21,107,-1,-1,-1,-1,-1
2881,1,21,108,-1,-1,-1,-1,-1
2882,1,21,109,-1,-1,-1,-1,-1
2883,1,21,110,-1,-1,-1,-1,-1
2884,1,21,111,-1,-1,-1,-1,-1
2885,1,21,112,-1,-1,-1,-1,-1
2886,1,21,113,-1,-1,-1,-1,-1
2887,1,21,114,-1,-1,-1,-1,-1
2888,1,21,115,-1,-1,-1,-1,-1
2889,1,21,116,-1,-1,-1,-1,-1
2890,1,21,117,-1,-1,-1,-1,-1
2891,1,21,118,-1,-1,-1,-1,-1
2892,1,21,119,-1,-1,-1,-1,-1
2893,1,21,120,-1,-1,-1,-1,-1
2894,1,21,121,-1,-1,-1,-1,-1
2895,1,21,122,-1,-1,-1,-1,-1
2896,1,21,123,-1,-1,-1,-1,-1
2897,1,21,124,-1,-1,-1,-1,-1
2898,1,21,125,-1,-1,-1,-1,-1
2899,1,21,126,-1,-1,-1,-1,-1
2900,1,21,127,-1,-1,-1,-1,-1
2901,1,21,128,-1,-1,-1,-1,-1
2902,1,21,129,-1,-1,-1,-1,-1
2903,1,21,130,-1,-1,-1,-1,-1
2904,1,21,131,-1,-1,-1,-1,-1
2905,1,22,0,-1,-1,-1,-1,-1
2906,1,22,1,-1,-1,-1,-1,-1
2907,1,22,2,-1,-1,-1,-1,-1
2908,1,22,3,-1,-1,-1,-1,-1
2909,1,22,4,-1,-1,-1,-1,-1
2910,1,22,5,-1,-1,-1,-1,-1
2911,1,22,6,-1,-1,-1,-1,-1
2912,1,22,7,-1,-1,-1,-1,-1
2913,1,22,8,-1,-1,-1,-1,-1
2914,1,22,9,-1,-1,-1,-1,-1
2915,1,22,10,-1,-1,-1,-1,-1
2916,1,22,11,-1,-1,-1,-1,-1
2917,1,22,12,-1,-1,-1,-1,-1
2918,1,22,13,-1,-1,-1,-1,-1
2919,1,22,14,-1,-1,-1,-1,-1
2920,1,22,15,-1,-1,-1,-1,-1
2921,1,22,16,-1,-1,-1,-1,-1
2922,1,22,17,-1,-1,-1,-1,-1
2923,1,22,18,-1,-1,-1,-1,-1
2924,1,22,19,-1,-1,-1,-1,-1
2925,1,22,20,-1,-1,-1,-1,-1
2926,1,22,21,-1,-1,-1,-1,-1
2927,1,22,22,-1,-1,-1,-1,-1
2928,1,22,23,-1,-1,-1,-1,-1
2929,1,22,24,-1,-1,-1,-1,-1
2930,1,22,25,-1,-1,-1,-1,-1
2931,1,22,26,-1,-1,-1,-1,-1
2932,1,22,27,-1,-1,-1,-1,-1
2933,1,22,28,-1,-1,-1,-1,-1
2934,1,22,29,-1,-1,-1,-1,-1
2935,1,22,30,-1,-1,-1,-1,-1
2936,1,22,31,-1,-1,-1,-1,-1
2937,1,22,32,-1,-1,-1,-1,-1
2938,1,22,33,-1,-1,-1,-1,-1
2939,1,22,34,-1,-1,-1,-1,-1
2940,1,22,35,-1,-1,-1,-1,-1
2941,1,22,36,-1,-1,-1,-1,-1
2942,1,22,37,-1,-1,-1,-1,-1
2943,1,22,38,-1,-1,-1,-1,-1
2944,1,22,39,-1,-1,-1,-1,-1
2945,1,22,40,-1,-1,-1,-1,-1
2946,1,22,41,-1,-1,-1,-1,-1
2947,1,22,42,-1,-1,-1,-1,-1
2948,1,22,43,-1,-1,-1,-1,-1
2949,1,22,44,-1,-1,-1,-1,-1
2950,1,22,45,-1,-1,-1,-1,-1
2951,1,22,46,-1,-1,-1,-1,-1
2952,1,22,47,-1,-1,-1,-1,-1
2953,1,22,48,-1,-1,-1,-1,-1
2954,1,22,49,-1,-1,-1,-1,-1
2955,1,22,50,-1,-1,-1,-1,-1
2956,1,22,51,-1,-1,-1,-1,-1
2957,1,22,52,-1,-1,-1,-1,-1
2958,1,22,53,-1,-1,-1,-1,-1
2959,1,22,54,-1,-1,-1,-1,-1
2960,1,22,55,-1,-1,-1,-1,-1
2961,1,22,56,-1,-1,-1,-1,-1
2962,1,22,57,-1,-1,-1,-1,-1
2963,1,22,58,-1,-1,-1,-1,-1
2964,1,22,59,-1,-1,-1,-1,-1
2965,1,22,60,-1,-1,-1,-1,-1
2966,1,22,61,-1,-1,-1,-1,-1
2967,1,22,62,-1,-1,-1,-1,-1
2968,1,22,63,-1,-1,-1,-1,-1
2969,1,22,64,-1,-1,-1,-1,-1
2970,1,22,65,-1,-1,-1,-1,-1
2971,1,22,66,-1,-1,-1,-1,-1
2972,1,22,67,-1,-1,-1,-1,-1
2973,1,22,68,-1,-1,-1,-1,-1
2974,1,22,69,-1,-1,-1,-1,-1
2975,1,22,70,-1,-1,-1,-1,-1
2976,1,22,71,-1,-1,-1,-1,-1
2977,1,22,72,-1,-1,-1,-1,-1
2978,1,22,73,-1,-1,-1,-1,-1
2979,1,22,74,-1,-1,-1,-1,-1
2980,1,22,75,-1,-1,-1,-1,-1
2981,1,22,76,-1,-1,-1,-1,-1
2982,1,22,77,-1,-1,-1,-1,-1
2983,1,22,78,-1,-1,-1,-1,-1
2984,1,22,79,-1,-1,-1,-1,-1
2985,1,22,80,-1,-1,-1,-1,-1
2986,1,22,81,-1,-1,-1,-1,-1
2987,1,22,82,-1,-1,-1,-1,-1
2988,1,22,83,-1,-1,-1,-1,-1
2989,1,22,84,-1,-1,-1,-1,-1
2990,1,22,85,-1,-1,-1,-1,-1
2991,1,22,86,-1,-1,-1,-1,-1
2992,1,22,87,-1,-1,-1,-1,-1
2993,1,22,88,-1,-1,-1,-1,-1
2994,1,22,89,-1,-1,-1,-1,-1
2995,1,22,90,-1,-1,-1,-1,-1
2996,1,22,91,-1,-1,-1,-1,-1
2997,1,22,92,-1,-1,-1,-1,-1
2998,1,22,93,-1,-1,-1,-1,-1
2999,1,22,94,-1,-1,-1,-1,-1
3000,1,22,95,-1,-1,-1,-1,-1
3001,1,22,96,-1,-1,-1,-1,-1
3002,1,22,97,-1,-1,-1,-1,-1
3003,1,22,98,-1,-1,-1,-1,-1
3004,1,22,99,-1,-1,-1,-1,-1
3005,1,22,100,-1,-1,-1,-1,-1
3006,1,22,101,-1,-1,-1,-1,-1
3007,1,22,102,-1,-1,-1,-1,-1
3008,1,22,103,-1,-1,-1,-1,-1
3009,1,22,104,-1,-1,-1,-1,-1
3010,1,22,105,-1,-1,-1,-1,-1
3011,1,22,106,-1,-1,-1,-1,-1
3012,1,22,107,-1,-1,-1,-1,-1
3013,1,22,108,-1,-1,-1,-1,-1
3014,1,22,109,-1,-1,-1,-1,-1
3015,1,22,110,-1,-1,-1,-1,-1
3016,1,22,111,-1,-1,-1,-1,-1
3017,1,22,112,-1,-1,-1,-1,-1
3018,1,22,113,-1,-1,-1,-1,-1
3019,1,22,114,-1,-1,-1,-1,-1
3020,1,22,115,-1,-1,-1,-1,-1
3021,1,22,116,-1,-1,-1,-1,-1
3022,1,22,117,-1,-1,-1,-1,-1
3023,1,22,118,-1,-1,-1,-1,-1
3024,1,22,119,-1,-1,-1,-1,-1
3025,1,22,120,-1,-1,-1,-1,-1
3026,1,22,121,-1,-1,-1,-1,-1
3027,1,22,122,-1,-1,-1,-1,-1
3028,1,22,123,-1,-1,-1,-1,-1
3029,1,22,124,-1,-1,-1,-1,-1
3030,1,22,125,-1,-1,-1,-1,-1
3031,1,22,126,-1,-1,-1,-1,-1
3032,1,22,127,-1,-1,-1,-1,-1
3033,1,22,128,-1,-1,-1,-1,-1
3034,1,22,129,-1,-1,-1,-1,-1
3035,1,22,130,-1,-1,-1,-1,-1
3036,1,22,131,-1,-1,-1,-1,-1
3037,1,23,0,-1,-1,-1,-1,-1
3038,1,23,1,-1,-1,-1,-1,-1
3039,1,23,2,-1,-1,-1,-1,-1
3040,1,23,3,-1,-1,-1,-1,-1
3041,1,23,4,-1,-1,-1,-1,-1
3042,1,23,5,-1,-1,-1,-1,-1
3043,1,23,6,-1,-1,-1,-1,-1
3044,1,23,7,-1,-1,-1,-1,-1
3045,1,23,8,-1,-1,-1,-1,-1
3046,1,23,9,-1,-1,-1,-1,-1
3047,1,23,10,-1,-1,-1,-1,-1
3048,1,23,11,-1,-1,-1,-1,-1
3049,1,23,12,-1,-1,-1,-1,-1
3050,1,23,13,-1,-1,-1,-1,-1
3051,1,23,14,-1,-1,-1,-1,-1
3052,1,23,15,-1,-1,-1,-1,-1
3053,1,23,16,-1,-1,-1,-1,-1
3054,1,23,17,-1,-1,-1,-1,-1
3055,1,23,18,-1,-1,-1,-1,-1
3056,1,23,19,-1,-1,-1,-1,-1
3057,1,23,20,-1,-1,-1,-1,-1
3058,1,23,21,-1,-1,-1,-1,-1
3059,1,23,22,-1,-1,-1,-1,-1
3060,1,23,23,-1,-1,-1,-1,-1
3061,1,23,24,-1,-1,-1,-1,-1
3062,1,23,25,-1,-1,-1,-1,-1
3063,1,23,26,-1,-1,-1,-1,-1
3064,1,23,27,-1,-1,-1,-1,-1
3065,1,23,28,-1,-1,-1,-1,-1
3066,1,23,29,-1,-1,-1,-1,-1
3067,1,23,30,-1,-1,-1,-1,-1
3068,1,23,31,-1,-1,-1,-1,-1
3069,1,23,32,-1,-1,-1,-1,-1
3070,1,23,33,-1,-1,-1,-1,-1
3071,1,23,34,-1,-1,-1,-1,-1
3072,1,23,35,-1,-1,-1,-1,-1
3073,1,23,36,-1,-1,-1,-1,-1
3074,1,23,37,-1,-1,-1,-1,-1
3075,1,23,38,-1,-1,-1,-1,-1
3076,1,23,39,-1,-1,-1,-1,-1
3077,1,23,40,-1,-1,-1,-1,-1
3078,1,23,41,-1,-1,-1,-1,-1
3079,1,23,42,-1,-1,-1,-1,-1
3080,1,23,43,-1,-1,-1,-1,-1
3081,1,23,44,-1,-1,-1,-1,-1
3082,1,23,45,-1,-1,-1,-1,-1
3083,1,23,46,-1,-1,-1,-1,-1
3084,1,23,47,-1,-1,-1,-1,-1
3085,1,23,48,-1,-1,-1,-1,-1
3086,1,23,49,-1,-1,-1,-1,-1
3087,1,23,50,-1,-1,-1,-1,-1
3088,1,23,51,-1,-1,-1,-1,-1
3089,1,23,52,-1,-1,-1,-1,-1
3090,1,23,53,-1,-1,-1,-1,-1
3091,1,23,54,-1,-1,-1,-1,-1
3092,1,23,55,-1,-1,-1,-1,-1
3093,1,23,56,-1,-1,-1,-1,-1
3094,1,23,57,-1,-1,-1,-1,-1
3095,1,23,58,-1,-1,-1,-1,-1
3096,1,23,59,-1,-1,-1,-1,-1
3097,1,23,60,-1,-1,-1,-1,-1
3098,1,23,61,-1,-1,-1,-1,-1
3099,1,23,62,-1,-1,-1,-1,-1
3100,1,23,63,-1,-1,-1,-1,-1
3101,1,23,64,-1,-1,-1,-1,-1
3102,1,23,65,-1,-1,-1,-1,-1
3103,1,23,66,-1,-1,-1,-1,-1
3104,1,23,67,-1,-1,-1,-1,-1
3105,1,23,68,-1,-1,-1,-1,-1
3106,1,23,69,-1,-1,-1,-1,-1
3107,1,23,70,-1,-1,-1,-1,-1
3108,1,23,71,-1,-1,-1,-1,-1
3109,1,23,72,-1,-1,-1,-1,-1
3110,1,23,73,-1,-1,-1,-1,-1
3111,1,23,74,-1,-1,-1,-1,-1
3112,1,23,75,-1,-1,-1,-1,-1
3113,1,23,76,-1,-1,-1,-1,-1
3114,1,23,77,-1,-1,-1,-1,-1
3115,1,23,78,-1,-1,-1,-1,-1
3116,1,23,79,-1,-1,-1,-1,-1
3117,1,23,80,-1,-1,-1,-1,-1
3118,1,23,81,-1,-1,-1,-1,-1
3119,1,23,82,-1,-1,-1,-1,-1
3120,1,23,83,-1,-1,-1,-1,-1
3121,1,23,84,-1,-1,-1,-1,-1
3122,1,23,85,-1,-1,-1,-1,-1
3123,1,23,86,-1,-1,-1,-1,-1
3124,1,23,87,-1,-1,-1,-1,-1
3125,1,23,88,-1,-1,-1,-1,-1
3126,1,23,89,-1,-1,-1,-1,-1
3127,1,23,90,-1,-1,-1,-1,-1
3128,1,23,91,-1,-1,-1,-1,-1
3129,1,23,92,-1,-1,-1,-1,-1
3130,1,23,93,-1,-1,-1,-1,-1
3131,1,23,94,-1,-1,-1,-1,-1
3132,1,23,95,-1,-1,-1,-1,-1
3133,1,23,96,-1,-1,-1,-1,-1
3134,1,23,97,-1,-1,-1,-1,-1
3135,1,23,98,-1,-1,-1,-1,-1
3136,1,23,99,-1,-1,-1,-1,-1
3137,1,23,100,-1,-1,-1,-1,-1
3138,1,23,101,-1,-1,-1,-1,-1
3139,1,23,102,-1,-1,-1,-1,-1
3140,1,23,103,-1,-1,-1,-1,-1
3141,1,23,104,-1,-1,-1,-1,-1
3142,1,23,105,-1,-1,-1,-1,-1
3143,1,23,106,-1,-1,-1,-1,-1
3144,1,23,107,-1,-1,-1,-1,-1
3145,1,23,108,-1,-1,-1,-1,-1
3146,1,23,109,-1,-1,-1,-1,-1
3147,1,23,110,-1,-1,-1,-1,-1
3148,1,23,111,-1,-1,-1,-1,-1
3149,1,23,112,-1,-1,-1,-1,-1
3150,1,23,113,-1,-1,-1,-1,-1
3151,1,23,114,-1,-1,-1,-1,-1
3152,1,23,115,-1,-1,-1,-1,-1
3153,1,23,116,-1,-1,-1,-1,-1
3154,1,23,117,-1,-1,-1,-1,-1
3155,1,23,118,-1,-1,-1,-1,-1
3156,1,23,119,-1,-1,-1,-1,-1
3157,1,23,120,-1,-1,-1,-1,-1
3158,1,23,121,-1,-1,-1,-1,-1
3159,1,23,122,-1,-1,-1,-1,-1
3160,1,23,123,-1,-1,-1,-1,-1
3161,1,23,124,-1,-1,-1,-1,-1
3162,1,23,125,-1,-1,-1,-1,-1
3163,1,23,126,-1,-1,-1,-1,-1
3164,1,23,127,-1,-1,-1,-1,-1
3165,1,23,128,-1,-1,-1,-1,-1
3166,1,23,129,-1,-1,-1,-1,-1
3167,1,23,130,-1,-1,-1,-1,-1
3168,1,23,131,-1,-1,-1,-1,-1
3169,1,24,0,-1,-1,-1,-1,-1
3170,1,24,1,-1,-1,-1,-1,-1
3171,1,24,2,-1,-1,-1,-1,-1
3172,1,24,3,-1,-1,-1,-1,-1
3173,1,24,4,-1,-1,-1,-1,-1
3174,1,24,5,-1,-1,-1,-1,-1
3175,1,24,6,-1,-1,-1,-1,-1
3176,1,24,7,-1,-1,-1,-1,-1
3177,1,24,8,-1,-1,-1,-1,-1
3178,1,24,9,-1,-1,-1,-1,-1
3179,1,24,10,-1,-1,-1,-1,-1
3180,1,24,11,-1,-1,-1,-1,-1
3181,1,24,12,-1,-1,-1,-1,-1
3182,1,24,13,-1,-1,-1,-1,-1
3183,1,24,14,-1,-1,-1,-1,-1
3184,1,24,15,-1,-1,-1,-1,-1
3185,1,24,16,-1,-1,-1,-1,-1
3186,1,24,17,-1,-1,-1,-1,-1
3187,1,24,18,-1,-1,-1,-1,-1
3188,1,24,19,-1,-1,-1,-1,-1
3189,1,24,20,-1,-1,-1,-1,-1
3190,1,24,21,-1,-1,-1,-1,-1
3191,1,24,22,-1,-1,-1,-1,-1
3192,1,24,23,-1,-1,-1,-1,-1
3193,1,24,24,-1,-1,-1,-1,-1
3194,1,24,25,-1,-1,-1,-1,-1
3195,1,24,26,-1,-1,-1,-1,-1
3196,1,24,27,-1,-1,-1,-1,-1
3197,1,24,28,-1,-1,-1,-1,-1
3198,1,24,29,-1,-1,-1,-1,-1
3199,1,24,30,-1,-1,-1,-1,-1
3200,1,24,31,-1,-1,-1,-1,-1
3201,1,24,32,-1,-1,-1,-1,-1
3202,1,24,33,-1,-1,-1,-1,-1
3203,1,24,34,-1,-1,-1,-1,-1
3204,1,24,35,-1,-1,-1,-1,-1
3205,1,24,36,-1,-1,-1,-1,-1
3206,1,24,37,-1,-1,-1,-1,-1
3207,1,24,38,-1,-1,-1,-1,-1
3208,1,24,39,-1,-1,-1,-1,-1
3209,1,24,40,-1,-1,-1,-1,-1
3210,1,24,41,-1,-1,-1,-1,-1
3211,1,24,42,-1,-1,-1,-1,-1
3212,1,24,43,-1,-1,-1,-1,-1
3213,1,24,44,-1,-1,-1,-1,-1
3214,1,24,45,-1,-1,-1,-1,-1
3215,1,24,46,-1,-1,-1,-1,-1
3216,1,24,47,-1,-1,-1,-1,-1
3217,1,24,48,-1,-1,-1,-1,-1
3218,1,24,49,-1,-1,-1,-1,-1
3219,1,24,50,-1,-1,-1,-1,-1
3220,1,24,51,-1,-1,-1,-1,-1
3221,1,24,52,-1,-1,-1,-1,-1
3222,1,24,53,-1,-1,-1,-1,-1
3223,1,24,54,-1,-1,-1,-1,-1
3224,1,24,55,-1,-1,-1,-1,-1
3225,1,24,56,-1,-1,-1,-1,-1
3226,1,24,57,-1,-1,-1,-1,-1
3227,1,24,58,-1,-1,-1,-1,-1
3228,1,24,59,-1,-1,-1,-1,-1
3229,1,24,60,-1,-1,-1,-1,-1
3230,1,24,61,-1,-1,-1,-1,-1
3231,1,24,62,-1,-1,-1,-1,-1
3232,1,24,63,-1,-1,-1,-1,-1
3233,1,24,64,-1,-1,-1,-1,-1
3234,1,24,65,-1,-1,-1,-1,-1
3235,1,24,66,-1,-1,-1,-1,-1
3236,1,24,67,-1,-1,-1,-1,-1
3237,1,24,68,-1,-1,-1,-1,-1
3238,1,24,69,-1,-1,-1,-1,-1
3239,1,24,70,-1,-1,-1,-1,-1
3240,1,24,71,-1,-1,-1,-1,-1
3241,1,24,72,-1,-1,-1,-1,-1
3242,1,24,73,-1,-1,-1,-1,-1
3243,1,24,74,-1,-1,-1,-1,-1
3244,1,24,75,-1,-1,-1,-1,-1
3245,1,24,76,-1,-1,-1,-1,-1
3246,1,24,77,-1,-1,-1,-1,-1
3247,1,24,78,-1,-1,-1,-1,-1
3248,1,24,79,-1,-1,-1,-1,-1
3249,1,24,80,-1,-1,-1,-1,-1
3250,1,24,81,-1,-1,-1,-1,-1
3251,1,24,82,-1,-1,-1,-1,-1
3252,1,24,83,-1,-1,-1,-1,-1
3253,1,24,84,-1,-1,-1,-1,-1
3254,1,24,85,-1,-1,-1,-1,-1
3255,1,24,86,-1,-1,-1,-1,-1
3256,1,24,87,-1,-1,-1,-1,-1
3257,1,24,88,-1,-1,-1,-1,-1
3258,1,24,89,-1,-1,-1,-1,-1
3259,1,24,90,-1,-1,-1,-1,-1
3260,1,24,91,-1,-1,-1,-1,-1
3261,1,24,92,-1,-1,-1,-1,-1
3262,1,24,93,-1,-1,-1,-1,-1
3263,1,24,94,-1,-1,-1,-1,-1
3264,1,24,95,-1,-1,-1,-1,-1
3265,1,24,96,-1,-1,-1,-1,-1
3266,1,24,97,-1,-1,-1,-1,-1
3267,1,24,98,-1,-1,-1,-1,-1
3268,1,24,99,-1,-1,-1,-1,-1
3269,1,24,100,-1,-1,-1,-1,-1
3270,1,24,101,-1,-1,-1,-1,-1
3271,1,24,102,-1,-1,-1,-1,-1
3272,1,24,103,-1,-1,-1,-1,-1
3273,1,24,104,-1,-1,-1,-1,-1
3274,1,24,105,-1,-1,-1,-1,-1
3275,1,24,106,-1,-1,-1,-1,-1
3276,1,24,107,-1,-1,-1,-1,-1
3277,1,24,108,-1,-1,-1,-1,-1
3278,1,24,109,-1,-1,-1,-1,-1
3279,1,24,110,-1,-1,-1,-1,-1
3280,1,24,111,-1,-1,-1,-1,-1
3281,1,24,112,-1,-1,-1,-1,-1
3282,1,24,113,-1,-1,-1,-1,-1
3283,1,24,114,-1,-1,-1,-1,-1
3284,1,24,115,-1,-1,-1,-1,-1
3285,1,24,116,-1,-1,-1,-1,-1
3286,1,24,117,-1,-1,-1,-1,-1
3287,1,24,118,-1,-1,-1,-1,-1
3288,1,24,119,-1,-1,-1,-1,-1
3289,1,24,120,-1,-1,-1,-1,-1
3290,1,24,121,-1,-1,-1,-1,-1
3291,1,24,122,-1,-1,-1,-1,-1
3292,1,24,123,-1,-1,-1,-1,-1
3293,1,24,124,-1,-1,-1,-1,-1
3294,1,24,125,-1,-1,-1,-1,-1
3295,1,24,126,-1,-1,-1,-1,-1
3296,1,24,127,-1,-1,-1,-1,-1
3297,1,24,128,-1,-1,-1,-1,-1
3298,1,24,129,-1,-1,-1,-1,-1
3299,1,24,130,-1,-1,-1,-1,-1
3300,1,24,131,-1,-1,-1,-1,-1
3301,1,25,0,-1,-1,-1,-1,-1
3302,1,25,1,-1,-1,-1,-1,-1
3303,1,25,2,-1,-1,-1,-1,-1
3304,1,25,3,-1,-1,-1,-1,-1
3305,1,25,4,-1,-1,-1,-1,-1
3306,1,25,5,-1,-1,-1,-1,-1
3307,1,25,6,-1,-1,-1,-1,-1
3308,1,25,7,-1,-1,-1,-1,-1
3309,1,25,8,-1,-1,-1,-1,-1
3310,1,25,9,-1,-1,-1,-1,-1
3311,1,25,10,-1,-1,-1,-1,-1
3312,1,25,11,-1,-1,-1,-1,-1
3313,1,25,12,-1,-1,-1,-1,-1
3314,1,25,13,-1,-1,-1,-1,-1
3315,1,25,14,-1,-1,-1,-1,-1
3316,1,25,15,-1,-1,-1,-1,-1
3317,1,25,16,-1,-1,-1,-1,-1
3318,1,25,17,-1,-1,-1,-1,-1
3319,1,25,18,-1,-1,-1,-1,-1
3320,1,25,19,-1,-1,-1,-1,-1
3321,1,25,20,-1,-1,-1,-1,-1
3322,1,25,21,-1,-1,-1,-1,-1
3323,1,25,22,-1,-1,-1,-1,-1
3324,1,25,23,-1,-1,-1,-1,-1
3325,1,25,24,-1,-1,-1,-1,-1
3326,1,25,25,-1,-1,-1,-1,-1
3327,1,25,26,-1,-1,-1,-1,-1
3328,1,25,27,-1,-1,-1,-1,-1
3329,1,25,28,-1,-1,-1,-1,-1
3330,1,25,29,-1,-1,-1,-1,-1
3331,1,25,30,-1,-1,-1,-1,-1
3332,1,25,31,-1,-1,-1,-1,-1
3333,1,25,32,-1,-1,-1,-1,-1
3334,1,25,33,-1,-1,-1,-1,-1
3335,1,25,34,-1,-1,-1,-1,-1
3336,1,25,35,-1,-1,-1,-1,-1
3337,1,25,36,-1,-1,-1,-1,-1
3338,1,25,37,-1,-1,-1,-1,-1
3339,1,25,38,-1,-1,-1,-1,-1
3340,1,25,39,-1,-1,-1,-1,-1
3341,1,25,40,-1,-1,-1,-1,-1
3342,1,25,41,-1,-1,-1,-1,-1
3343,1,25,42,-1,-1,-1,-1,-1
3344,1,25,43,-1,-1,-1,-1,-1
3345,1,25,44,-1,-1,-1,-1,-1
3346,1,25,45,-1,-1,-1,-1,-1
3347,1,25,46,-1,-1,-1,-1,-1
3348,1,25,47,-1,-1,-1,-1,-1
3349,1,25,48,-1,-1,-1,-1,-1
3350,1,25,49,-1,-1,-1,-1,-1
3351,1,25,50,-1,-1,-1,-1,-1
3352,1,25,51,-1,-1,-1,-1,-1
3353,1,25,52,-1,-1,-1,-1,-1
3354,1,25,53,-1,-1,-1,-1,-1
3355,1,25,54,-1,-1,-1,-1,-1
3356,1,25,55,-1,-1,-1,-1,-1
3357,1,25,56,-1,-1,-1,-1,-1
3358,1,25,57,-1,-1,-1,-1,-1
3359,1,25,58,-1,-1,-1,-1,-1
3360,1,25,59,-1,-1,-1,-1,-1
3361,1,25,60,-1,-1,-1,-1,-1
3362,1,25,61,-1,-1,-1,-1,-1
3363,1,25,62,-1,-1,-1,-1,-1
3364,1,25,63,-1,-1,-1,-1,-1
3365,1,25,64,-1,-1,-1,-1,-1
3366,1,25,65,-1,-1,-1,-1,-1
3367,1,25,66,-1,-1,-1,-1,-1
3368,1,25,67,-1,-1,-1,-1,-1
3369,1,25,68,-1,-1,-1,-1,-1
3370,1,25,69,-1,-1,-1,-1,-1
3371,1,25,70,-1,-1,-1,-1,-1
3372,1,25,71,-1,-1,-1,-1,-1
3373,1,25,72,-1,-1,-1,-1,-1
3374,1,25,73,-1,-1,-1,-1,-1
3375,1,25,74,-1,-1,-1,-1,-1
3376,1,25,75,-1,-1,-1,-1,-1
3377,1,25,76,-1,-1,-1,-1,-1
3378,1,25,77,-1,-1,-1,-1,-1
3379,1,25,78,-1,-1,-1,-1,-1
3380,1,25,79,-1,-1,-1,-1,-1
3381,1,25,80,-1,-1,-1,-1,-1
3382,1,25,81,-1,-1,-1,-1,-1
3383,1,25,82,-1,-1,-1,-1,-1
3384,1,25,83,-1,-1,-1,-1,-1
3385,1,25,84,-1,-1,-1,-1,-1
3386,1,25,85,-1,-1,-1,-1,-1
3387,1,25,86,-1,-1,-1,-1,-1
3388,1,25,87,-1,-1,-1,-1,-1
3389,1,25,88,-1,-1,-1,-1,-1
3390,1,25,89,-1,-1,-1,-1,-1
3391,1,25,90,-1,-1,-1,-1,-1
3392,1,25,91,-1,-1,-1,-1,-1
3393,1,25,92,-1,-1,-1,-1,-1
3394,1,25,93,-1,-1,-1,-1,-1
3395,1,25,94,-1,-1,-1,-1,-1
3396,1,25,95,-1,-1,-1,-1,-1
3397,1,25,96,-1,-1,-1,-1,-1
3398,1,25,97,-1,-1,-1,-1,-1
3399,1,25,98,-1,-1,-1,-1,-1
3400,1,25,99,-1,-1,-1,-1,-1
3401,1,25,100,-1,-1,-1,-1,-1
3402,1,25,101,-1,-1,-1,-1,-1
3403,1,25,102,-1,-1,-1,-1,-1
3404,1,25,103,-1,-1,-1,-1,-1
3405,1,25,104,-1,-1,-1,-1,-1
3406,1,25,105,-1,-1,-1,-1,-1
3407,1,25,106,-1,-1,-1,-1,-1
3408,1,25,107,-1,-1,-1,-1,-1
3409,1,25,108,-1,-1,-1,-1,-1
3410,1,25,109,-1,-1,-1,-1,-1
3411,1,25,110,-1,-1,-1,-1,-1
3412,1,25,111,-1,-1,-1,-1,-1
3413,1,25,112,-1,-1,-1,-1,-1
3414,1,25,113,-1,-1,-1,-1,-1
3415,1,25,114,-1,-1,-1,-1,-1
3416,1,25,115,-1,-1,-1,-1,-1
3417,1,25,116,-1,-1,-1,-1,-1
3418,1,25,117,-1,-1,-1,-1,-1
3419,1,25,118,-1,-1,-1,-1,-1
3420,1,25,119,-1,-1,-1,-1,-1
3421,1,25,120,-1,-1,-1,-1,-1
3422,1,25,121,-1,-1,-1,-1,-1
3423,1,25,122,-1,-1,-1,-1,-1
3424,1,25,123,-1,-1,-1,-1,-1
3425,1,25,124,-1,-1,-1,-1,-1
3426,1,25,125,-1,-1,-1,-1,-1
3427,1,25,126,-1,-1,-1,-1,-1
3428,1,25,127,-1,-1,-1,-1,-1
3429,1,25,128,-1,-1,-1,-1,-1
3430,1,25,129,-1,-1,-1,-1,-1
3431,1,25,130,-1,-1,-1,-1,-1
3432,1,25,131,-1,-1,-1,-1,-1
