2401101,1,01,-1,4,1,2,-1,-1
2401102,1,01,-1,4,1,2,-1,-1
2401103,1,01,-1,4,1,2,-1,-1
2401104,1,01,-1,4,1,2,-1,-1
2401105,1,01,-1,4,1,2,-1,-1
2401106,1,01,-1,4,1,2,-1,-1
2401107,1,01,-1,4,1,2,-1,-1
2401108,1,01,-1,4,1,2,-1,-1
2401109,1,01,-1,4,1,2,-1,-1
2401110,1,01,-1,4,1,2,-1,-1
2401111,1,01,-1,4,1,2,-1,-1
2401112,1,01,-1,4,1,2,-1,-1
2401113,1,01,-1,4,1,2,-1,-1
2401114,1,01,-1,4,1,2,-1,-1
2401115,1,01,-1,4,1,2,-1,-1
2401116,1,01,-1,4,1,2,-1,-1
2401117,1,01,-1,4,1,2,-1,-1
2401118,1,01,-1,4,1,2,-1,-1
2401119,1,01,-1,4,1,2,-1,-1
2401120,1,01,-1,4,1,2,-1,-1
2401121,1,01,-1,4,1,2,-1,-1
2401122,1,01,-1,4,1,2,-1,-1
2401123,1,01,-1,4,1,2,-1,-1
2401124,1,01,-1,4,1,2,-1,-1
2401125,1,01,-1,4,1,2,-1,-1
2401126,1,01,-1,4,1,2,-1,-1
2401127,1,01,-1,4,1,2,-1,-1
2401128,1,01,-1,4,1,2,-1,-1
2401129,1,01,-1,4,1,2,-1,-1
2401130,1,01,-1,4,1,2,-1,-1
2401131,1,01,-1,4,1,2,-1,-1
2401132,1,01,-1,4,1,2,-1,-1
2401133,1,01,-1,4,1,2,-1,-1
2401134,1,01,-1,4,1,2,-1,-1
2401135,1,01,-1,4,1,2,-1,-1
2401136,1,01,-1,4,1,2,-1,-1
2401137,1,01,-1,4,1,2,-1,-1
2401138,1,01,-1,4,1,2,-1,-1
2401139,1,01,-1,4,1,2,-1,-1
2401140,1,01,-1,4,1,2,-1,-1
2401141,1,01,-1,4,1,2,-1,-1
2401142,1,01,-1,4,1,2,-1,-1
2401143,1,01,-1,4,1,2,-1,-1
2401144,1,01,-1,4,1,2,-1,-1
2401145,1,01,-1,4,1,2,-1,-1
2401146,1,01,-1,4,1,2,-1,-1
2401147,1,01,-1,4,1,2,-1,-1
2401148,1,01,-1,4,1,2,-1,-1
2401149,1,01,-1,4,1,2,-1,-1
2401150,1,01,-1,4,1,2,-1,-1
2401151,1,01,-1,4,1,2,-1,-1
2401201,1,01,-1,4,2,2,-1,-1
2401202,1,01,-1,4,2,2,-1,-1
2401203,1,01,-1,4,2,2,-1,-1
2401204,1,01,-1,4,2,2,-1,-1
2401205,1,01,-1,4,2,2,-1,-1
2401206,1,01,-1,4,2,2,-1,-1
2401207,1,01,-1,4,2,2,-1,-1
2401208,1,01,-1,4,2,2,-1,-1
2401209,1,01,-1,4,2,2,-1,-1
2401210,1,01,-1,4,2,2,-1,-1
2401211,1,01,-1,4,2,2,-1,-1
2401212,1,01,-1,4,2,2,-1,-1
2401213,1,01,-1,4,2,2,-1,-1
2401214,1,01,-1,4,2,2,-1,-1
2401215,1,01,-1,4,2,2,-1,-1
2401216,1,01,-1,4,2,2,-1,-1
2401217,1,01,-1,4,2,2,-1,-1
2401218,1,01,-1,4,2,2,-1,-1
2401219,1,01,-1,4,2,2,-1,-1
2401220,1,01,-1,4,2,2,-1,-1
2401221,1,01,-1,4,2,2,-1,-1
2401222,1,01,-1,4,2,2,-1,-1
2401223,1,01,-1,4,2,2,-1,-1
2401224,1,01,-1,4,2,2,-1,-1
2401225,1,01,-1,4,2,2,-1,-1
2401226,1,01,-1,4,2,2,-1,-1
2401227,1,01,-1,4,2,2,-1,-1
2401228,1,01,-1,4,2,2,-1,-1
2401229,1,01,-1,4,2,2,-1,-1
2401230,1,01,-1,4,2,2,-1,-1
2401231,1,01,-1,4,2,2,-1,-1
2401232,1,01,-1,4,2,2,-1,-1
2401233,1,01,-1,4,2,2,-1,-1
2401234,1,01,-1,4,2,2,-1,-1
2401235,1,01,-1,4,2,2,-1,-1
2401236,1,01,-1,4,2,2,-1,-1
2401237,1,01,-1,4,2,2,-1,-1
2401238,1,01,-1,4,2,2,-1,-1
2401239,1,01,-1,4,2,2,-1,-1
2401240,1,01,-1,4,2,2,-1,-1
2401241,1,01,-1,4,2,2,-1,-1
2401242,1,01,-1,4,2,2,-1,-1
2401243,1,01,-1,4,2,2,-1,-1
2401244,1,01,-1,4,2,2,-1,-1
2401245,1,01,-1,4,2,2,-1,-1
2401246,1,01,-1,4,2,2,-1,-1
2401247,1,01,-1,4,2,2,-1,-1
2401248,1,01,-1,4,2,2,-1,-1
2411101,1,11,-1,4,1,2,-1,-1
2411102,1,11,-1,4,1,2,-1,-1
2411103,1,11,-1,4,1,2,-1,-1
2411104,1,11,-1,4,1,2,-1,-1
2411105,1,11,-1,4,1,2,-1,-1
2411106,1,11,-1,4,1,2,-1,-1
2411107,1,11,-1,4,1,2,-1,-1
2411108,1,11,-1,4,1,2,-1,-1
2411109,1,11,-1,4,1,2,-1,-1
2411110,1,11,-1,4,1,2,-1,-1
2411111,1,11,-1,4,1,2,-1,-1
2411112,1,11,-1,4,1,2,-1,-1
2411113,1,11,-1,4,1,2,-1,-1
2411114,1,11,-1,4,1,2,-1,-1
2411115,1,11,-1,4,1,2,-1,-1
2411116,1,11,-1,4,1,2,-1,-1
2411117,1,11,-1,4,1,2,-1,-1
2411118,1,11,-1,4,1,2,-1,-1
2411119,1,11,-1,4,1,2,-1,-1
2411120,1,11,-1,4,1,2,-1,-1
2411121,1,11,-1,4,1,2,-1,-1
2411122,1,11,-1,4,1,2,-1,-1
2411123,1,11,-1,4,1,2,-1,-1
2411124,1,11,-1,4,1,2,-1,-1
2411125,1,11,-1,4,1,2,-1,-1
2411126,1,11,-1,4,1,2,-1,-1
2411127,1,11,-1,4,1,2,-1,-1
2411128,1,11,-1,4,1,2,-1,-1
2411129,1,11,-1,4,1,2,-1,-1
2411130,1,11,-1,4,1,2,-1,-1
2411131,1,11,-1,4,1,2,-1,-1
2411132,1,11,-1,4,1,2,-1,-1
2411133,1,11,-1,4,1,2,-1,-1
2411134,1,11,-1,4,1,2,-1,-1
2411135,1,11,-1,4,1,2,-1,-1
2411136,1,11,-1,4,1,2,-1,-1
2411137,1,11,-1,4,1,2,-1,-1
2411138,1,11,-1,4,1,2,-1,-1
2411139,1,11,-1,4,1,2,-1,-1
2411140,1,11,-1,4,1,2,-1,-1
2411141,1,11,-1,4,1,2,-1,-1
2411142,1,11,-1,4,1,2,-1,-1
2411143,1,11,-1,4,1,2,-1,-1
2411144,1,11,-1,4,1,2,-1,-1
2411145,1,11,-1,4,1,2,-1,-1
2411146,1,11,-1,4,1,2,-1,-1
2411147,1,11,-1,4,1,2,-1,-1
2411201,1,11,-1,4,2,2,-1,-1
2411202,1,11,-1,4,2,2,-1,-1
2411203,1,11,-1,4,2,2,-1,-1
2411204,1,11,-1,4,2,2,-1,-1
2411205,1,11,-1,4,2,2,-1,-1
2411206,1,11,-1,4,2,2,-1,-1
2411207,1,11,-1,4,2,2,-1,-1
2411208,1,11,-1,4,2,2,-1,-1
2411209,1,11,-1,4,2,2,-1,-1
2411210,1,11,-1,4,2,2,-1,-1
2411211,1,11,-1,4,2,2,-1,-1
2411212,1,11,-1,4,2,2,-1,-1
2411213,1,11,-1,4,2,2,-1,-1
2411214,1,11,-1,4,2,2,-1,-1
2411215,1,11,-1,4,2,2,-1,-1
2411216,1,11,-1,4,2,2,-1,-1
2411217,1,11,-1,4,2,2,-1,-1
2411218,1,11,-1,4,2,2,-1,-1
2411219,1,11,-1,4,2,2,-1,-1
2411220,1,11,-1,4,2,2,-1,-1
2411221,1,11,-1,4,2,2,-1,-1
2411222,1,11,-1,4,2,2,-1,-1
2411223,1,11,-1,4,2,2,-1,-1
2411224,1,11,-1,4,2,2,-1,-1
2411225,1,11,-1,4,2,2,-1,-1
2411226,1,11,-1,4,2,2,-1,-1
2411227,1,11,-1,4,2,2,-1,-1
2411228,1,11,-1,4,2,2,-1,-1
2411229,1,11,-1,4,2,2,-1,-1
2411230,1,11,-1,4,2,2,-1,-1
2411231,1,11,-1,4,2,2,-1,-1
2411232,1,11,-1,4,2,2,-1,-1
2411233,1,11,-1,4,2,2,-1,-1
2411234,1,11,-1,4,2,2,-1,-1
2411235,1,11,-1,4,2,2,-1,-1
2411236,1,11,-1,4,2,2,-1,-1
2411237,1,11,-1,4,2,2,-1,-1
2411238,1,11,-1,4,2,2,-1,-1
2411239,1,11,-1,4,2,2,-1,-1
2411240,1,11,-1,4,2,2,-1,-1
2411241,1,11,-1,4,2,2,-1,-1
2411242,1,11,-1,4,2,2,-1,-1
2411243,1,11,-1,4,2,2,-1,-1
2411244,1,11,-1,4,2,2,-1,-1
2411245,1,11,-1,4,2,2,-1,-1
2411246,1,11,-1,4,2,2,-1,-1
2411247,1,11,-1,4,2,2,-1,-1
2411248,1,11,-1,4,2,2,-1,-1
2411249,1,11,-1,4,2,2,-1,-1
2443101,1,43,-1,4,1,2,-1,-1
2443102,1,43,-1,4,1,2,-1,-1
2443103,1,43,-1,4,1,2,-1,-1
2443104,1,43,-1,4,1,2,-1,-1
2443105,1,43,-1,4,1,2,-1,-1
2443106,1,43,-1,4,1,2,-1,-1
2443107,1,43,-1,4,1,2,-1,-1
2443108,1,43,-1,4,1,2,-1,-1
2443109,1,43,-1,4,1,2,-1,-1
2443110,1,43,-1,4,1,2,-1,-1
2443111,1,43,-1,4,1,2,-1,-1
2443112,1,43,-1,4,1,2,-1,-1
2443113,1,43,-1,4,1,2,-1,-1
2443114,1,43,-1,4,1,2,-1,-1
2443115,1,43,-1,4,1,2,-1,-1
2443116,1,43,-1,4,1,2,-1,-1
2443117,1,43,-1,4,1,2,-1,-1
2443118,1,43,-1,4,1,2,-1,-1
2443119,1,43,-1,4,1,2,-1,-1
2443120,1,43,-1,4,1,2,-1,-1
2443121,1,43,-1,4,1,2,-1,-1
2443122,1,43,-1,4,1,2,-1,-1
2443123,1,43,-1,4,1,2,-1,-1
2443124,1,43,-1,4,1,2,-1,-1
2443125,1,43,-1,4,1,2,-1,-1
2443126,1,43,-1,4,1,2,-1,-1
2443127,1,43,-1,4,1,2,-1,-1
2443128,1,43,-1,4,1,2,-1,-1
2443129,1,43,-1,4,1,2,-1,-1
2443130,1,43,-1,4,1,2,-1,-1
2443131,1,43,-1,4,1,2,-1,-1
2443132,1,43,-1,4,1,2,-1,-1
2443133,1,43,-1,4,1,2,-1,-1
2443134,1,43,-1,4,1,2,-1,-1
2443135,1,43,-1,4,1,2,-1,-1
2443136,1,43,-1,4,1,2,-1,-1
2443137,1,43,-1,4,1,2,-1,-1
2443138,1,43,-1,4,1,2,-1,-1
2443139,1,43,-1,4,1,2,-1,-1
2443140,1,43,-1,4,1,2,-1,-1
2443141,1,43,-1,4,1,2,-1,-1
2443142,1,43,-1,4,1,2,-1,-1
2443143,1,43,-1,4,1,2,-1,-1
2443144,1,43,-1,4,1,2,-1,-1
2443145,1,43,-1,4,1,2,-1,-1
2443146,1,43,-1,4,1,2,-1,-1
2443147,1,43,-1,4,1,2,-1,-1
2443148,1,43,-1,4,1,2,-1,-1
2443149,1,43,-1,4,1,2,-1,-1
2443150,1,43,-1,4,1,2,-1,-1
2443201,1,43,-1,4,2,2,-1,-1
2443202,1,43,-1,4,2,2,-1,-1
2443203,1,43,-1,4,2,2,-1,-1
2443204,1,43,-1,4,2,2,-1,-1
2443205,1,43,-1,4,2,2,-1,-1
2443206,1,43,-1,4,2,2,-1,-1
2443207,1,43,-1,4,2,2,-1,-1
2443208,1,43,-1,4,2,2,-1,-1
2443209,1,43,-1,4,2,2,-1,-1
2443210,1,43,-1,4,2,2,-1,-1
2443211,1,43,-1,4,2,2,-1,-1
2443212,1,43,-1,4,2,2,-1,-1
2443213,1,43,-1,4,2,2,-1,-1
2443214,1,43,-1,4,2,2,-1,-1
2443215,1,43,-1,4,2,2,-1,-1
2443216,1,43,-1,4,2,2,-1,-1
2443217,1,43,-1,4,2,2,-1,-1
2443218,1,43,-1,4,2,2,-1,-1
2443219,1,43,-1,4,2,2,-1,-1
2443220,1,43,-1,4,2,2,-1,-1
2443221,1,43,-1,4,2,2,-1,-1
2443222,1,43,-1,4,2,2,-1,-1
2443223,1,43,-1,4,2,2,-1,-1
2443224,1,43,-1,4,2,2,-1,-1
2443225,1,43,-1,4,2,2,-1,-1
2443226,1,43,-1,4,2,2,-1,-1
2443227,1,43,-1,4,2,2,-1,-1
2443228,1,43,-1,4,2,2,-1,-1
2443229,1,43,-1,4,2,2,-1,-1
2443230,1,43,-1,4,2,2,-1,-1
2443231,1,43,-1,4,2,2,-1,-1
2443232,1,43,-1,4,2,2,-1,-1
2443233,1,43,-1,4,2,2,-1,-1
2443234,1,43,-1,4,2,2,-1,-1
2443235,1,43,-1,4,2,2,-1,-1
2443236,1,43,-1,4,2,2,-1,-1
2443237,1,43,-1,4,2,2,-1,-1
2443238,1,43,-1,4,2,2,-1,-1
2443239,1,43,-1,4,2,2,-1,-1
2443240,1,43,-1,4,2,2,-1,-1
2443241,1,43,-1,4,2,2,-1,-1
2443242,1,43,-1,4,2,2,-1,-1
2443243,1,43,-1,4,2,2,-1,-1
2443244,1,43,-1,4,2,2,-1,-1
2443245,1,43,-1,4,2,2,-1,-1
2443246,1,43,-1,4,2,2,-1,-1
2443247,1,43,-1,4,2,2,-1,-1
2443248,1,43,-1,4,2,2,-1,-1
2443249,1,43,-1,4,2,2,-1,-1
2444101,1,44,-1,4,1,2,-1,-1
2444102,1,44,-1,4,1,2,-1,-1
2444103,1,44,-1,4,1,2,-1,-1
2444104,1,44,-1,4,1,2,-1,-1
2444105,1,44,-1,4,1,2,-1,-1
2444106,1,44,-1,4,1,2,-1,-1
2444107,1,44,-1,4,1,2,-1,-1
2444108,1,44,-1,4,1,2,-1,-1
2444109,1,44,-1,4,1,2,-1,-1
2444110,1,44,-1,4,1,2,-1,-1
2444111,1,44,-1,4,1,2,-1,-1
2444112,1,44,-1,4,1,2,-1,-1
2444113,1,44,-1,4,1,2,-1,-1
2444114,1,44,-1,4,1,2,-1,-1
2444115,1,44,-1,4,1,2,-1,-1
2444116,1,44,-1,4,1,2,-1,-1
2444117,1,44,-1,4,1,2,-1,-1
2444118,1,44,-1,4,1,2,-1,-1
2444119,1,44,-1,4,1,2,-1,-1
2444120,1,44,-1,4,1,2,-1,-1
2444121,1,44,-1,4,1,2,-1,-1
2444122,1,44,-1,4,1,2,-1,-1
2444123,1,44,-1,4,1,2,-1,-1
2444124,1,44,-1,4,1,2,-1,-1
2444125,1,44,-1,4,1,2,-1,-1
2444126,1,44,-1,4,1,2,-1,-1
2444127,1,44,-1,4,1,2,-1,-1
2444128,1,44,-1,4,1,2,-1,-1
2444129,1,44,-1,4,1,2,-1,-1
2444130,1,44,-1,4,1,2,-1,-1
2444131,1,44,-1,4,1,2,-1,-1
2444132,1,44,-1,4,1,2,-1,-1
2444133,1,44,-1,4,1,2,-1,-1
2444134,1,44,-1,4,1,2,-1,-1
2444135,1,44,-1,4,1,2,-1,-1
2444136,1,44,-1,4,1,2,-1,-1
2444137,1,44,-1,4,1,2,-1,-1
2444138,1,44,-1,4,1,2,-1,-1
2444139,1,44,-1,4,1,2,-1,-1
2444140,1,44,-1,4,1,2,-1,-1
2444141,1,44,-1,4,1,2,-1,-1
2444142,1,44,-1,4,1,2,-1,-1
2444143,1,44,-1,4,1,2,-1,-1
2444144,1,44,-1,4,1,2,-1,-1
2444145,1,44,-1,4,1,2,-1,-1
2444146,1,44,-1,4,1,2,-1,-1
2444147,1,44,-1,4,1,2,-1,-1
2444148,1,44,-1,4,1,2,-1,-1
2444201,1,44,-1,4,2,2,-1,-1
2444202,1,44,-1,4,2,2,-1,-1
2444203,1,44,-1,4,2,2,-1,-1
2444204,1,44,-1,4,2,2,-1,-1
2444205,1,44,-1,4,2,2,-1,-1
2444206,1,44,-1,4,2,2,-1,-1
2444207,1,44,-1,4,2,2,-1,-1
2444208,1,44,-1,4,2,2,-1,-1
2444209,1,44,-1,4,2,2,-1,-1
2444210,1,44,-1,4,2,2,-1,-1
2444211,1,44,-1,4,2,2,-1,-1
2444212,1,44,-1,4,2,2,-1,-1
2444213,1,44,-1,4,2,2,-1,-1
2444214,1,44,-1,4,2,2,-1,-1
2444215,1,44,-1,4,2,2,-1,-1
2444216,1,44,-1,4,2,2,-1,-1
2444217,1,44,-1,4,2,2,-1,-1
2444218,1,44,-1,4,2,2,-1,-1
2444219,1,44,-1,4,2,2,-1,-1
2444220,1,44,-1,4,2,2,-1,-1
2444221,1,44,-1,4,2,2,-1,-1
2444222,1,44,-1,4,2,2,-1,-1
2444223,1,44,-1,4,2,2,-1,-1
2444224,1,44,-1,4,2,2,-1,-1
2444225,1,44,-1,4,2,2,-1,-1
2444226,1,44,-1,4,2,2,-1,-1
2444227,1,44,-1,4,2,2,-1,-1
2444228,1,44,-1,4,2,2,-1,-1
2444229,1,44,-1,4,2,2,-1,-1
2444230,1,44,-1,4,2,2,-1,-1
2444231,1,44,-1,4,2,2,-1,-1
2444232,1,44,-1,4,2,2,-1,-1
2444233,1,44,-1,4,2,2,-1,-1
2444234,1,44,-1,4,2,2,-1,-1
2444235,1,44,-1,4,2,2,-1,-1
2444236,1,44,-1,4,2,2,-1,-1
2444237,1,44,-1,4,2,2,-1,-1
2444238,1,44,-1,4,2,2,-1,-1
2444239,1,44,-1,4,2,2,-1,-1
2444240,1,44,-1,4,2,2,-1,-1
2444241,1,44,-1,4,2,2,-1,-1
2444242,1,44,-1,4,2,2,-1,-1
2444243,1,44,-1,4,2,2,-1,-1
2444244,1,44,-1,4,2,2,-1,-1
2444245,1,44,-1,4,2,2,-1,-1
2444246,1,44,-1,4,2,2,-1,-1
2444247,1,44,-1,4,2,2,-1,-1
2444248,1,44,-1,4,2,2,-1,-1
2444249,1,44,-1,4,2,2,-1,-1
2445101,1,45,-1,4,1,2,-1,-1
2445102,1,45,-1,4,1,2,-1,-1
2445103,1,45,-1,4,1,2,-1,-1
2445104,1,45,-1,4,1,2,-1,-1
2445105,1,45,-1,4,1,2,-1,-1
2445106,1,45,-1,4,1,2,-1,-1
2445107,1,45,-1,4,1,2,-1,-1
2445108,1,45,-1,4,1,2,-1,-1
2445109,1,45,-1,4,1,2,-1,-1
2445110,1,45,-1,4,1,2,-1,-1
2445111,1,45,-1,4,1,2,-1,-1
2445112,1,45,-1,4,1,2,-1,-1
2445113,1,45,-1,4,1,2,-1,-1
2445114,1,45,-1,4,1,2,-1,-1
2445115,1,45,-1,4,1,2,-1,-1
2445116,1,45,-1,4,1,2,-1,-1
2445117,1,45,-1,4,1,2,-1,-1
2445118,1,45,-1,4,1,2,-1,-1
2445119,1,45,-1,4,1,2,-1,-1
2445120,1,45,-1,4,1,2,-1,-1
2445121,1,45,-1,4,1,2,-1,-1
2445122,1,45,-1,4,1,2,-1,-1
2445123,1,45,-1,4,1,2,-1,-1
2445124,1,45,-1,4,1,2,-1,-1
2445125,1,45,-1,4,1,2,-1,-1
2445126,1,45,-1,4,1,2,-1,-1
2445127,1,45,-1,4,1,2,-1,-1
2445128,1,45,-1,4,1,2,-1,-1
2445129,1,45,-1,4,1,2,-1,-1
2445130,1,45,-1,4,1,2,-1,-1
2445131,1,45,-1,4,1,2,-1,-1
2445132,1,45,-1,4,1,2,-1,-1
2445133,1,45,-1,4,1,2,-1,-1
2445134,1,45,-1,4,1,2,-1,-1
2445135,1,45,-1,4,1,2,-1,-1
2445136,1,45,-1,4,1,2,-1,-1
2445137,1,45,-1,4,1,2,-1,-1
2445138,1,45,-1,4,1,2,-1,-1
2445139,1,45,-1,4,1,2,-1,-1
2445140,1,45,-1,4,1,2,-1,-1
2445141,1,45,-1,4,1,2,-1,-1
2445142,1,45,-1,4,1,2,-1,-1
2445143,1,45,-1,4,1,2,-1,-1
2445144,1,45,-1,4,1,2,-1,-1
2445145,1,45,-1,4,1,2,-1,-1
2445146,1,45,-1,4,1,2,-1,-1
2445147,1,45,-1,4,1,2,-1,-1
2445148,1,45,-1,4,1,2,-1,-1
2445201,1,45,-1,4,2,2,-1,-1
2445202,1,45,-1,4,2,2,-1,-1
2445203,1,45,-1,4,2,2,-1,-1
2445204,1,45,-1,4,2,2,-1,-1
2445205,1,45,-1,4,2,2,-1,-1
2445206,1,45,-1,4,2,2,-1,-1
2445207,1,45,-1,4,2,2,-1,-1
2445208,1,45,-1,4,2,2,-1,-1
2445209,1,45,-1,4,2,2,-1,-1
2445210,1,45,-1,4,2,2,-1,-1
2445211,1,45,-1,4,2,2,-1,-1
2445212,1,45,-1,4,2,2,-1,-1
2445213,1,45,-1,4,2,2,-1,-1
2445214,1,45,-1,4,2,2,-1,-1
2445215,1,45,-1,4,2,2,-1,-1
2445216,1,45,-1,4,2,2,-1,-1
2445217,1,45,-1,4,2,2,-1,-1
2445218,1,45,-1,4,2,2,-1,-1
2445219,1,45,-1,4,2,2,-1,-1
2445220,1,45,-1,4,2,2,-1,-1
2445221,1,45,-1,4,2,2,-1,-1
2445222,1,45,-1,4,2,2,-1,-1
2445223,1,45,-1,4,2,2,-1,-1
2445224,1,45,-1,4,2,2,-1,-1
2445225,1,45,-1,4,2,2,-1,-1
2445226,1,45,-1,4,2,2,-1,-1
2445227,1,45,-1,4,2,2,-1,-1
2445228,1,45,-1,4,2,2,-1,-1
2445229,1,45,-1,4,2,2,-1,-1
2445230,1,45,-1,4,2,2,-1,-1
2445231,1,45,-1,4,2,2,-1,-1
2445232,1,45,-1,4,2,2,-1,-1
2445233,1,45,-1,4,2,2,-1,-1
2445234,1,45,-1,4,2,2,-1,-1
2445235,1,45,-1,4,2,2,-1,-1
2445236,1,45,-1,4,2,2,-1,-1
2445237,1,45,-1,4,2,2,-1,-1
2445238,1,45,-1,4,2,2,-1,-1
2445239,1,45,-1,4,2,2,-1,-1
2445240,1,45,-1,4,2,2,-1,-1
2445241,1,45,-1,4,2,2,-1,-1
2445242,1,45,-1,4,2,2,-1,-1
2445243,1,45,-1,4,2,2,-1,-1
2445244,1,45,-1,4,2,2,-1,-1
2445245,1,45,-1,4,2,2,-1,-1
2445246,1,45,-1,4,2,2,-1,-1
2445247,1,45,-1,4,2,2,-1,-1
2445248,1,45,-1,4,2,2,-1,-1
2445249,1,45,-1,4,2,2,-1,-1
2445250,1,45,-1,4,2,2,-1,-1
2446101,1,46,-1,4,1,2,-1,-1
2446102,1,46,-1,4,1,2,-1,-1
2446103,1,46,-1,4,1,2,-1,-1
2446104,1,46,-1,4,1,2,-1,-1
2446105,1,46,-1,4,1,2,-1,-1
2446106,1,46,-1,4,1,2,-1,-1
2446107,1,46,-1,4,1,2,-1,-1
2446108,1,46,-1,4,1,2,-1,-1
2446109,1,46,-1,4,1,2,-1,-1
2446110,1,46,-1,4,1,2,-1,-1
2446111,1,46,-1,4,1,2,-1,-1
2446112,1,46,-1,4,1,2,-1,-1
2446113,1,46,-1,4,1,2,-1,-1
2446114,1,46,-1,4,1,2,-1,-1
2446115,1,46,-1,4,1,2,-1,-1
2446116,1,46,-1,4,1,2,-1,-1
2446117,1,46,-1,4,1,2,-1,-1
2446118,1,46,-1,4,1,2,-1,-1
2446119,1,46,-1,4,1,2,-1,-1
2446120,1,46,-1,4,1,2,-1,-1
2446121,1,46,-1,4,1,2,-1,-1
2446122,1,46,-1,4,1,2,-1,-1
2446123,1,46,-1,4,1,2,-1,-1
2446124,1,46,-1,4,1,2,-1,-1
2446125,1,46,-1,4,1,2,-1,-1
2446126,1,46,-1,4,1,2,-1,-1
2446127,1,46,-1,4,1,2,-1,-1
2446128,1,46,-1,4,1,2,-1,-1
2446129,1,46,-1,4,1,2,-1,-1
2446130,1,46,-1,4,1,2,-1,-1
2446131,1,46,-1,4,1,2,-1,-1
2446132,1,46,-1,4,1,2,-1,-1
2446133,1,46,-1,4,1,2,-1,-1
2446134,1,46,-1,4,1,2,-1,-1
2446135,1,46,-1,4,1,2,-1,-1
2446136,1,46,-1,4,1,2,-1,-1
2446137,1,46,-1,4,1,2,-1,-1
2446138,1,46,-1,4,1,2,-1,-1
2446139,1,46,-1,4,1,2,-1,-1
2446140,1,46,-1,4,1,2,-1,-1
2446141,1,46,-1,4,1,2,-1,-1
2446142,1,46,-1,4,1,2,-1,-1
2446143,1,46,-1,4,1,2,-1,-1
2446144,1,46,-1,4,1,2,-1,-1
2446145,1,46,-1,4,1,2,-1,-1
2446146,1,46,-1,4,1,2,-1,-1
2446147,1,46,-1,4,1,2,-1,-1
2446148,1,46,-1,4,1,2,-1,-1
2446149,1,46,-1,4,1,2,-1,-1
2446201,1,46,-1,4,2,2,-1,-1
2446202,1,46,-1,4,2,2,-1,-1
2446203,1,46,-1,4,2,2,-1,-1
2446204,1,46,-1,4,2,2,-1,-1
2446205,1,46,-1,4,2,2,-1,-1
2446206,1,46,-1,4,2,2,-1,-1
2446207,1,46,-1,4,2,2,-1,-1
2446208,1,46,-1,4,2,2,-1,-1
2446209,1,46,-1,4,2,2,-1,-1
2446210,1,46,-1,4,2,2,-1,-1
2446211,1,46,-1,4,2,2,-1,-1
2446212,1,46,-1,4,2,2,-1,-1
2446213,1,46,-1,4,2,2,-1,-1
2446214,1,46,-1,4,2,2,-1,-1
2446215,1,46,-1,4,2,2,-1,-1
2446216,1,46,-1,4,2,2,-1,-1
2446217,1,46,-1,4,2,2,-1,-1
2446218,1,46,-1,4,2,2,-1,-1
2446219,1,46,-1,4,2,2,-1,-1
2446220,1,46,-1,4,2,2,-1,-1
2446221,1,46,-1,4,2,2,-1,-1
2446222,1,46,-1,4,2,2,-1,-1
2446223,1,46,-1,4,2,2,-1,-1
2446224,1,46,-1,4,2,2,-1,-1
2446225,1,46,-1,4,2,2,-1,-1
2446226,1,46,-1,4,2,2,-1,-1
2446227,1,46,-1,4,2,2,-1,-1
2446228,1,46,-1,4,2,2,-1,-1
2446229,1,46,-1,4,2,2,-1,-1
2446230,1,46,-1,4,2,2,-1,-1
2446231,1,46,-1,4,2,2,-1,-1
2446232,1,46,-1,4,2,2,-1,-1
2446233,1,46,-1,4,2,2,-1,-1
2446234,1,46,-1,4,2,2,-1,-1
2446235,1,46,-1,4,2,2,-1,-1
2446236,1,46,-1,4,2,2,-1,-1
2446237,1,46,-1,4,2,2,-1,-1
2446238,1,46,-1,4,2,2,-1,-1
2446239,1,46,-1,4,2,2,-1,-1
2446240,1,46,-1,4,2,2,-1,-1
2446241,1,46,-1,4,2,2,-1,-1
2446242,1,46,-1,4,2,2,-1,-1
2446243,1,46,-1,4,2,2,-1,-1
2446244,1,46,-1,4,2,2,-1,-1
2446245,1,46,-1,4,2,2,-1,-1
2446246,1,46,-1,4,2,2,-1,-1
2446247,1,46,-1,4,2,2,-1,-1
2446248,1,46,-1,4,2,2,-1,-1
2446249,1,46,-1,4,2,2,-1,-1
2447101,1,47,-1,4,1,2,-1,-1
2447102,1,47,-1,4,1,2,-1,-1
2447103,1,47,-1,4,1,2,-1,-1
2447104,1,47,-1,4,1,2,-1,-1
2447105,1,47,-1,4,1,2,-1,-1
2447106,1,47,-1,4,1,2,-1,-1
2447107,1,47,-1,4,1,2,-1,-1
2447108,1,47,-1,4,1,2,-1,-1
2447109,1,47,-1,4,1,2,-1,-1
2447110,1,47,-1,4,1,2,-1,-1
2447111,1,47,-1,4,1,2,-1,-1
2447112,1,47,-1,4,1,2,-1,-1
2447113,1,47,-1,4,1,2,-1,-1
2447114,1,47,-1,4,1,2,-1,-1
2447115,1,47,-1,4,1,2,-1,-1
2447116,1,47,-1,4,1,2,-1,-1
2447117,1,47,-1,4,1,2,-1,-1
2447118,1,47,-1,4,1,2,-1,-1
2447119,1,47,-1,4,1,2,-1,-1
2447120,1,47,-1,4,1,2,-1,-1
2447121,1,47,-1,4,1,2,-1,-1
2447122,1,47,-1,4,1,2,-1,-1
2447123,1,47,-1,4,1,2,-1,-1
2447124,1,47,-1,4,1,2,-1,-1
2447125,1,47,-1,4,1,2,-1,-1
2447126,1,47,-1,4,1,2,-1,-1
2447127,1,47,-1,4,1,2,-1,-1
2447128,1,47,-1,4,1,2,-1,-1
2447129,1,47,-1,4,1,2,-1,-1
2447130,1,47,-1,4,1,2,-1,-1
2447131,1,47,-1,4,1,2,-1,-1
2447132,1,47,-1,4,1,2,-1,-1
2447133,1,47,-1,4,1,2,-1,-1
2447134,1,47,-1,4,1,2,-1,-1
2447135,1,47,-1,4,1,2,-1,-1
2447136,1,47,-1,4,1,2,-1,-1
2447137,1,47,-1,4,1,2,-1,-1
2447138,1,47,-1,4,1,2,-1,-1
2447139,1,47,-1,4,1,2,-1,-1
2447140,1,47,-1,4,1,2,-1,-1
2447141,1,47,-1,4,1,2,-1,-1
2447142,1,47,-1,4,1,2,-1,-1
2447143,1,47,-1,4,1,2,-1,-1
2447144,1,47,-1,4,1,2,-1,-1
2447145,1,47,-1,4,1,2,-1,-1
2447146,1,47,-1,4,1,2,-1,-1
2447147,1,47,-1,4,1,2,-1,-1
2447148,1,47,-1,4,1,2,-1,-1
2447149,1,47,-1,4,1,2,-1,-1
2447150,1,47,-1,4,1,2,-1,-1
2447151,1,47,-1,4,1,2,-1,-1
2447201,1,47,-1,4,2,2,-1,-1
2447202,1,47,-1,4,2,2,-1,-1
2447203,1,47,-1,4,2,2,-1,-1
2447204,1,47,-1,4,2,2,-1,-1
2447205,1,47,-1,4,2,2,-1,-1
2447206,1,47,-1,4,2,2,-1,-1
2447207,1,47,-1,4,2,2,-1,-1
2447208,1,47,-1,4,2,2,-1,-1
2447209,1,47,-1,4,2,2,-1,-1
2447210,1,47,-1,4,2,2,-1,-1
2447211,1,47,-1,4,2,2,-1,-1
2447212,1,47,-1,4,2,2,-1,-1
2447213,1,47,-1,4,2,2,-1,-1
2447214,1,47,-1,4,2,2,-1,-1
2447215,1,47,-1,4,2,2,-1,-1
2447216,1,47,-1,4,2,2,-1,-1
2447217,1,47,-1,4,2,2,-1,-1
2447218,1,47,-1,4,2,2,-1,-1
2447219,1,47,-1,4,2,2,-1,-1
2447220,1,47,-1,4,2,2,-1,-1
2447221,1,47,-1,4,2,2,-1,-1
2447222,1,47,-1,4,2,2,-1,-1
2447223,1,47,-1,4,2,2,-1,-1
2447224,1,47,-1,4,2,2,-1,-1
2447225,1,47,-1,4,2,2,-1,-1
2447226,1,47,-1,4,2,2,-1,-1
2447227,1,47,-1,4,2,2,-1,-1
2447228,1,47,-1,4,2,2,-1,-1
2447229,1,47,-1,4,2,2,-1,-1
2447230,1,47,-1,4,2,2,-1,-1
2447231,1,47,-1,4,2,2,-1,-1
2447232,1,47,-1,4,2,2,-1,-1
2447233,1,47,-1,4,2,2,-1,-1
2447234,1,47,-1,4,2,2,-1,-1
2447235,1,47,-1,4,2,2,-1,-1
2447236,1,47,-1,4,2,2,-1,-1
2447237,1,47,-1,4,2,2,-1,-1
2447238,1,47,-1,4,2,2,-1,-1
2447239,1,47,-1,4,2,2,-1,-1
2447240,1,47,-1,4,2,2,-1,-1
2447241,1,47,-1,4,2,2,-1,-1
2447242,1,47,-1,4,2,2,-1,-1
2447243,1,47,-1,4,2,2,-1,-1
2447244,1,47,-1,4,2,2,-1,-1
2447245,1,47,-1,4,2,2,-1,-1
2447246,1,47,-1,4,2,2,-1,-1
2447247,1,47,-1,4,2,2,-1,-1
2447248,1,47,-1,4,2,2,-1,-1
2447249,1,47,-1,4,2,2,-1,-1
2448101,1,48,-1,4,1,2,-1,-1
2448102,1,48,-1,4,1,2,-1,-1
2448103,1,48,-1,4,1,2,-1,-1
2448104,1,48,-1,4,1,2,-1,-1
2448105,1,48,-1,4,1,2,-1,-1
2448106,1,48,-1,4,1,2,-1,-1
2448107,1,48,-1,4,1,2,-1,-1
2448108,1,48,-1,4,1,2,-1,-1
2448109,1,48,-1,4,1,2,-1,-1
2448110,1,48,-1,4,1,2,-1,-1
2448111,1,48,-1,4,1,2,-1,-1
2448112,1,48,-1,4,1,2,-1,-1
2448113,1,48,-1,4,1,2,-1,-1
2448114,1,48,-1,4,1,2,-1,-1
2448115,1,48,-1,4,1,2,-1,-1
2448116,1,48,-1,4,1,2,-1,-1
2448117,1,48,-1,4,1,2,-1,-1
2448118,1,48,-1,4,1,2,-1,-1
2448119,1,48,-1,4,1,2,-1,-1
2448120,1,48,-1,4,1,2,-1,-1
2448121,1,48,-1,4,1,2,-1,-1
2448122,1,48,-1,4,1,2,-1,-1
2448123,1,48,-1,4,1,2,-1,-1
2448124,1,48,-1,4,1,2,-1,-1
2448125,1,48,-1,4,1,2,-1,-1
2448126,1,48,-1,4,1,2,-1,-1
2448127,1,48,-1,4,1,2,-1,-1
2448128,1,48,-1,4,1,2,-1,-1
2448129,1,48,-1,4,1,2,-1,-1
2448130,1,48,-1,4,1,2,-1,-1
2448131,1,48,-1,4,1,2,-1,-1
2448132,1,48,-1,4,1,2,-1,-1
2448133,1,48,-1,4,1,2,-1,-1
2448134,1,48,-1,4,1,2,-1,-1
2448135,1,48,-1,4,1,2,-1,-1
2448136,1,48,-1,4,1,2,-1,-1
2448137,1,48,-1,4,1,2,-1,-1
2448138,1,48,-1,4,1,2,-1,-1
2448139,1,48,-1,4,1,2,-1,-1
2448140,1,48,-1,4,1,2,-1,-1
2448141,1,48,-1,4,1,2,-1,-1
2448142,1,48,-1,4,1,2,-1,-1
2448143,1,48,-1,4,1,2,-1,-1
2448144,1,48,-1,4,1,2,-1,-1
2448145,1,48,-1,4,1,2,-1,-1
2448146,1,48,-1,4,1,2,-1,-1
2448147,1,48,-1,4,1,2,-1,-1
2448201,1,48,-1,4,2,2,-1,-1
2448202,1,48,-1,4,2,2,-1,-1
2448203,1,48,-1,4,2,2,-1,-1
2448204,1,48,-1,4,2,2,-1,-1
2448205,1,48,-1,4,2,2,-1,-1
2448206,1,48,-1,4,2,2,-1,-1
2448207,1,48,-1,4,2,2,-1,-1
2448208,1,48,-1,4,2,2,-1,-1
2448209,1,48,-1,4,2,2,-1,-1
2448210,1,48,-1,4,2,2,-1,-1
2448211,1,48,-1,4,2,2,-1,-1
2448212,1,48,-1,4,2,2,-1,-1
2448213,1,48,-1,4,2,2,-1,-1
2448214,1,48,-1,4,2,2,-1,-1
2448215,1,48,-1,4,2,2,-1,-1
2448216,1,48,-1,4,2,2,-1,-1
2448217,1,48,-1,4,2,2,-1,-1
2448218,1,48,-1,4,2,2,-1,-1
2448219,1,48,-1,4,2,2,-1,-1
2448220,1,48,-1,4,2,2,-1,-1
2448221,1,48,-1,4,2,2,-1,-1
2448222,1,48,-1,4,2,2,-1,-1
2448223,1,48,-1,4,2,2,-1,-1
2448224,1,48,-1,4,2,2,-1,-1
2448225,1,48,-1,4,2,2,-1,-1
2448226,1,48,-1,4,2,2,-1,-1
2448227,1,48,-1,4,2,2,-1,-1
2448228,1,48,-1,4,2,2,-1,-1
2448229,1,48,-1,4,2,2,-1,-1
2448230,1,48,-1,4,2,2,-1,-1
2448231,1,48,-1,4,2,2,-1,-1
2448232,1,48,-1,4,2,2,-1,-1
2448233,1,48,-1,4,2,2,-1,-1
2448234,1,48,-1,4,2,2,-1,-1
2448235,1,48,-1,4,2,2,-1,-1
2448236,1,48,-1,4,2,2,-1,-1
2448237,1,48,-1,4,2,2,-1,-1
2448238,1,48,-1,4,2,2,-1,-1
2448239,1,48,-1,4,2,2,-1,-1
2448240,1,48,-1,4,2,2,-1,-1
2448241,1,48,-1,4,2,2,-1,-1
2448242,1,48,-1,4,2,2,-1,-1
2448243,1,48,-1,4,2,2,-1,-1
2448244,1,48,-1,4,2,2,-1,-1
2448245,1,48,-1,4,2,2,-1,-1
2448246,1,48,-1,4,2,2,-1,-1
2448247,1,48,-1,4,2,2,-1,-1
2448248,1,48,-1,4,2,2,-1,-1
2448249,1,48,-1,4,2,2,-1,-1
2449101,1,49,-1,4,1,2,-1,-1
2449102,1,49,-1,4,1,2,-1,-1
2449103,1,49,-1,4,1,2,-1,-1
2449104,1,49,-1,4,1,2,-1,-1
2449105,1,49,-1,4,1,2,-1,-1
2449106,1,49,-1,4,1,2,-1,-1
2449107,1,49,-1,4,1,2,-1,-1
2449108,1,49,-1,4,1,2,-1,-1
2449109,1,49,-1,4,1,2,-1,-1
2449110,1,49,-1,4,1,2,-1,-1
2449111,1,49,-1,4,1,2,-1,-1
2449112,1,49,-1,4,1,2,-1,-1
2449113,1,49,-1,4,1,2,-1,-1
2449114,1,49,-1,4,1,2,-1,-1
2449115,1,49,-1,4,1,2,-1,-1
2449116,1,49,-1,4,1,2,-1,-1
2449117,1,49,-1,4,1,2,-1,-1
2449118,1,49,-1,4,1,2,-1,-1
2449119,1,49,-1,4,1,2,-1,-1
2449120,1,49,-1,4,1,2,-1,-1
2449121,1,49,-1,4,1,2,-1,-1
2449122,1,49,-1,4,1,2,-1,-1
2449123,1,49,-1,4,1,2,-1,-1
2449124,1,49,-1,4,1,2,-1,-1
2449125,1,49,-1,4,1,2,-1,-1
2449126,1,49,-1,4,1,2,-1,-1
2449127,1,49,-1,4,1,2,-1,-1
2449128,1,49,-1,4,1,2,-1,-1
2449129,1,49,-1,4,1,2,-1,-1
2449130,1,49,-1,4,1,2,-1,-1
2449131,1,49,-1,4,1,2,-1,-1
2449132,1,49,-1,4,1,2,-1,-1
2449133,1,49,-1,4,1,2,-1,-1
2449134,1,49,-1,4,1,2,-1,-1
2449135,1,49,-1,4,1,2,-1,-1
2449136,1,49,-1,4,1,2,-1,-1
2449137,1,49,-1,4,1,2,-1,-1
2449138,1,49,-1,4,1,2,-1,-1
2449139,1,49,-1,4,1,2,-1,-1
2449140,1,49,-1,4,1,2,-1,-1
2449141,1,49,-1,4,1,2,-1,-1
2449142,1,49,-1,4,1,2,-1,-1
2449143,1,49,-1,4,1,2,-1,-1
2449144,1,49,-1,4,1,2,-1,-1
2449145,1,49,-1,4,1,2,-1,-1
2449146,1,49,-1,4,1,2,-1,-1
2449147,1,49,-1,4,1,2,-1,-1
2449148,1,49,-1,4,1,2,-1,-1
2449201,1,49,-1,4,2,2,-1,-1
2449202,1,49,-1,4,2,2,-1,-1
2449203,1,49,-1,4,2,2,-1,-1
2449204,1,49,-1,4,2,2,-1,-1
2449205,1,49,-1,4,2,2,-1,-1
2449206,1,49,-1,4,2,2,-1,-1
2449207,1,49,-1,4,2,2,-1,-1
2449208,1,49,-1,4,2,2,-1,-1
2449209,1,49,-1,4,2,2,-1,-1
2449210,1,49,-1,4,2,2,-1,-1
2449211,1,49,-1,4,2,2,-1,-1
2449212,1,49,-1,4,2,2,-1,-1
2449213,1,49,-1,4,2,2,-1,-1
2449214,1,49,-1,4,2,2,-1,-1
2449215,1,49,-1,4,2,2,-1,-1
2449216,1,49,-1,4,2,2,-1,-1
2449217,1,49,-1,4,2,2,-1,-1
2449218,1,49,-1,4,2,2,-1,-1
2449219,1,49,-1,4,2,2,-1,-1
2449220,1,49,-1,4,2,2,-1,-1
2449221,1,49,-1,4,2,2,-1,-1
2449222,1,49,-1,4,2,2,-1,-1
2449223,1,49,-1,4,2,2,-1,-1
2449224,1,49,-1,4,2,2,-1,-1
2449225,1,49,-1,4,2,2,-1,-1
2449226,1,49,-1,4,2,2,-1,-1
2449227,1,49,-1,4,2,2,-1,-1
2449228,1,49,-1,4,2,2,-1,-1
2449229,1,49,-1,4,2,2,-1,-1
2449230,1,49,-1,4,2,2,-1,-1
2449231,1,49,-1,4,2,2,-1,-1
2449232,1,49,-1,4,2,2,-1,-1
2449233,1,49,-1,4,2,2,-1,-1
2449234,1,49,-1,4,2,2,-1,-1
2449235,1,49,-1,4,2,2,-1,-1
2449236,1,49,-1,4,2,2,-1,-1
2449237,1,49,-1,4,2,2,-1,-1
2449238,1,49,-1,4,2,2,-1,-1
2449239,1,49,-1,4,2,2,-1,-1
2449240,1,49,-1,4,2,2,-1,-1
2449241,1,49,-1,4,2,2,-1,-1
2449242,1,49,-1,4,2,2,-1,-1
2449243,1,49,-1,4,2,2,-1,-1
2449244,1,49,-1,4,2,2,-1,-1
2449245,1,49,-1,4,2,2,-1,-1
2449246,1,49,-1,4,2,2,-1,-1
2449247,1,49,-1,4,2,2,-1,-1
2449248,1,49,-1,4,2,2,-1,-1
2449249,1,49,-1,4,2,2,-1,-1
2450101,1,50,-1,4,1,2,-1,-1
2450102,1,50,-1,4,1,2,-1,-1
2450103,1,50,-1,4,1,2,-1,-1
2450104,1,50,-1,4,1,2,-1,-1
2450105,1,50,-1,4,1,2,-1,-1
2450106,1,50,-1,4,1,2,-1,-1
2450107,1,50,-1,4,1,2,-1,-1
2450108,1,50,-1,4,1,2,-1,-1
2450109,1,50,-1,4,1,2,-1,-1
2450110,1,50,-1,4,1,2,-1,-1
2450111,1,50,-1,4,1,2,-1,-1
2450112,1,50,-1,4,1,2,-1,-1
2450113,1,50,-1,4,1,2,-1,-1
2450114,1,50,-1,4,1,2,-1,-1
2450115,1,50,-1,4,1,2,-1,-1
2450116,1,50,-1,4,1,2,-1,-1
2450117,1,50,-1,4,1,2,-1,-1
2450118,1,50,-1,4,1,2,-1,-1
2450119,1,50,-1,4,1,2,-1,-1
2450120,1,50,-1,4,1,2,-1,-1
2450121,1,50,-1,4,1,2,-1,-1
2450122,1,50,-1,4,1,2,-1,-1
2450123,1,50,-1,4,1,2,-1,-1
2450124,1,50,-1,4,1,2,-1,-1
2450125,1,50,-1,4,1,2,-1,-1
2450126,1,50,-1,4,1,2,-1,-1
2450127,1,50,-1,4,1,2,-1,-1
2450128,1,50,-1,4,1,2,-1,-1
2450129,1,50,-1,4,1,2,-1,-1
2450130,1,50,-1,4,1,2,-1,-1
2450131,1,50,-1,4,1,2,-1,-1
2450132,1,50,-1,4,1,2,-1,-1
2450133,1,50,-1,4,1,2,-1,-1
2450134,1,50,-1,4,1,2,-1,-1
2450135,1,50,-1,4,1,2,-1,-1
2450136,1,50,-1,4,1,2,-1,-1
2450137,1,50,-1,4,1,2,-1,-1
2450138,1,50,-1,4,1,2,-1,-1
2450139,1,50,-1,4,1,2,-1,-1
2450140,1,50,-1,4,1,2,-1,-1
2450141,1,50,-1,4,1,2,-1,-1
2450142,1,50,-1,4,1,2,-1,-1
2450143,1,50,-1,4,1,2,-1,-1
2450144,1,50,-1,4,1,2,-1,-1
2450145,1,50,-1,4,1,2,-1,-1
2450146,1,50,-1,4,1,2,-1,-1
2450147,1,50,-1,4,1,2,-1,-1
2450148,1,50,-1,4,1,2,-1,-1
2450201,1,50,-1,4,2,2,-1,-1
2450202,1,50,-1,4,2,2,-1,-1
2450203,1,50,-1,4,2,2,-1,-1
2450204,1,50,-1,4,2,2,-1,-1
2450205,1,50,-1,4,2,2,-1,-1
2450206,1,50,-1,4,2,2,-1,-1
2450207,1,50,-1,4,2,2,-1,-1
2450208,1,50,-1,4,2,2,-1,-1
2450209,1,50,-1,4,2,2,-1,-1
2450210,1,50,-1,4,2,2,-1,-1
2450211,1,50,-1,4,2,2,-1,-1
2450212,1,50,-1,4,2,2,-1,-1
2450213,1,50,-1,4,2,2,-1,-1
2450214,1,50,-1,4,2,2,-1,-1
2450215,1,50,-1,4,2,2,-1,-1
2450216,1,50,-1,4,2,2,-1,-1
2450217,1,50,-1,4,2,2,-1,-1
2450218,1,50,-1,4,2,2,-1,-1
2450219,1,50,-1,4,2,2,-1,-1
2450220,1,50,-1,4,2,2,-1,-1
2450221,1,50,-1,4,2,2,-1,-1
2450222,1,50,-1,4,2,2,-1,-1
2450223,1,50,-1,4,2,2,-1,-1
2450224,1,50,-1,4,2,2,-1,-1
2450225,1,50,-1,4,2,2,-1,-1
2450226,1,50,-1,4,2,2,-1,-1
2450227,1,50,-1,4,2,2,-1,-1
2450228,1,50,-1,4,2,2,-1,-1
2450229,1,50,-1,4,2,2,-1,-1
2450230,1,50,-1,4,2,2,-1,-1
2450231,1,50,-1,4,2,2,-1,-1
2450232,1,50,-1,4,2,2,-1,-1
2450233,1,50,-1,4,2,2,-1,-1
2450234,1,50,-1,4,2,2,-1,-1
2450235,1,50,-1,4,2,2,-1,-1
2450236,1,50,-1,4,2,2,-1,-1
2450237,1,50,-1,4,2,2,-1,-1
2450238,1,50,-1,4,2,2,-1,-1
2450239,1,50,-1,4,2,2,-1,-1
2450240,1,50,-1,4,2,2,-1,-1
2450241,1,50,-1,4,2,2,-1,-1
2450242,1,50,-1,4,2,2,-1,-1
2450243,1,50,-1,4,2,2,-1,-1
2450244,1,50,-1,4,2,2,-1,-1
2450245,1,50,-1,4,2,2,-1,-1
2450246,1,50,-1,4,2,2,-1,-1
2450247,1,50,-1,4,2,2,-1,-1
2450248,1,50,-1,4,2,2,-1,-1
2450249,1,50,-1,4,2,2,-1,-1
