35131101,2,13,-1,2,11,-1,-1,4
35131102,2,13,-1,2,11,-1,-1,4
35131103,2,13,-1,2,11,-1,-1,4
35131104,2,13,-1,2,11,-1,-1,4
35131105,2,13,-1,2,11,-1,-1,4
35131106,2,13,-1,2,11,-1,-1,4
35131107,2,13,-1,2,11,-1,-1,4
35131108,2,13,-1,2,11,-1,-1,4
35131109,2,13,-1,2,11,-1,-1,4
35131110,2,13,-1,2,11,-1,-1,4
35131111,2,13,-1,2,11,-1,-1,4
35131112,2,13,-1,2,11,-1,-1,4
35131113,2,13,-1,2,11,-1,-1,4
35131114,2,13,-1,2,11,-1,-1,4
35131115,2,13,-1,2,11,-1,-1,4
35131116,2,13,-1,2,11,-1,-1,4
35131117,2,13,-1,2,11,-1,-1,4
35131118,2,13,-1,2,11,-1,-1,4
35131119,2,13,-1,2,11,-1,-1,4
35131120,2,13,-1,2,11,-1,-1,4
35131121,2,13,-1,2,11,-1,-1,4
35131201,2,13,-1,2,12,-1,-1,4
35131202,2,13,-1,2,12,-1,-1,4
35131203,2,13,-1,2,12,-1,-1,4
35131204,2,13,-1,2,12,-1,-1,4
35131205,2,13,-1,2,12,-1,-1,4
35131206,2,13,-1,2,12,-1,-1,4
35131207,2,13,-1,2,12,-1,-1,4
35131208,2,13,-1,2,12,-1,-1,4
35131209,2,13,-1,2,12,-1,-1,4
35131210,2,13,-1,2,12,-1,-1,4
35131211,2,13,-1,2,12,-1,-1,4
35131212,2,13,-1,2,12,-1,-1,4
35131213,2,13,-1,2,12,-1,-1,4
35131214,2,13,-1,2,12,-1,-1,4
35131215,2,13,-1,2,12,-1,-1,4
35131216,2,13,-1,2,12,-1,-1,4
35131217,2,13,-1,2,12,-1,-1,4
35131218,2,13,-1,2,12,-1,-1,4
35131219,2,13,-1,2,12,-1,-1,4
35131220,2,13,-1,2,12,-1,-1,4
35141201,2,14,-1,2,12,-1,-1,4
35141202,2,14,-1,2,12,-1,-1,4
35141203,2,14,-1,2,12,-1,-1,4
35141204,2,14,-1,2,12,-1,-1,4
35141205,2,14,-1,2,12,-1,-1,4
35141206,2,14,-1,2,12,-1,-1,4
35141207,2,14,-1,2,12,-1,-1,4
35141208,2,14,-1,2,12,-1,-1,4
35141209,2,14,-1,2,12,-1,-1,4
35141210,2,14,-1,2,12,-1,-1,4
35141211,2,14,-1,2,12,-1,-1,4
35141212,2,14,-1,2,12,-1,-1,4
35141213,2,14,-1,2,12,-1,-1,4
35141214,2,14,-1,2,12,-1,-1,4
35141215,2,14,-1,2,12,-1,-1,4
35141216,2,14,-1,2,12,-1,-1,4
35141217,2,14,-1,2,12,-1,-1,4
35141218,2,14,-1,2,12,-1,-1,4
35141219,2,14,-1,2,12,-1,-1,4
35141220,2,14,-1,2,12,-1,-1,4
35141301,2,14,-1,2,13,-1,-1,4
35141302,2,14,-1,2,13,-1,-1,4
35141303,2,14,-1,2,13,-1,-1,4
35141304,2,14,-1,2,13,-1,-1,4
35141305,2,14,-1,2,13,-1,-1,4
35141306,2,14,-1,2,13,-1,-1,4
35141307,2,14,-1,2,13,-1,-1,4
35141308,2,14,-1,2,13,-1,-1,4
35141309,2,14,-1,2,13,-1,-1,4
35141310,2,14,-1,2,13,-1,-1,4
35141311,2,14,-1,2,13,-1,-1,4
35141312,2,14,-1,2,13,-1,-1,4
35141313,2,14,-1,2,13,-1,-1,4
35141314,2,14,-1,2,13,-1,-1,4
35141315,2,14,-1,2,13,-1,-1,4
35141316,2,14,-1,2,13,-1,-1,4
35141317,2,14,-1,2,13,-1,-1,4
35141318,2,14,-1,2,13,-1,-1,4
35141319,2,14,-1,2,13,-1,-1,4
35141320,2,14,-1,2,13,-1,-1,4
35141321,2,14,-1,2,13,-1,-1,4
35151301,2,15,-1,2,13,-1,-1,4
35151302,2,15,-1,2,13,-1,-1,4
35151303,2,15,-1,2,13,-1,-1,4
35151304,2,15,-1,2,13,-1,-1,4
35151305,2,15,-1,2,13,-1,-1,4
35151306,2,15,-1,2,13,-1,-1,4
35151307,2,15,-1,2,13,-1,-1,4
35151308,2,15,-1,2,13,-1,-1,4
35151309,2,15,-1,2,13,-1,-1,4
35151310,2,15,-1,2,13,-1,-1,4
35151311,2,15,-1,2,13,-1,-1,4
35151312,2,15,-1,2,13,-1,-1,4
35151313,2,15,-1,2,13,-1,-1,4
35151314,2,15,-1,2,13,-1,-1,4
35151315,2,15,-1,2,13,-1,-1,4
35151316,2,15,-1,2,13,-1,-1,4
35151317,2,15,-1,2,13,-1,-1,4
35151318,2,15,-1,2,13,-1,-1,4
35151319,2,15,-1,2,13,-1,-1,4
35151320,2,15,-1,2,13,-1,-1,4
35151401,2,15,-1,2,14,-1,-1,4
35151402,2,15,-1,2,14,-1,-1,4
35151403,2,15,-1,2,14,-1,-1,4
35151404,2,15,-1,2,14,-1,-1,4
35151405,2,15,-1,2,14,-1,-1,4
35151406,2,15,-1,2,14,-1,-1,4
35151407,2,15,-1,2,14,-1,-1,4
35151408,2,15,-1,2,14,-1,-1,4
35151409,2,15,-1,2,14,-1,-1,4
35151410,2,15,-1,2,14,-1,-1,4
35151411,2,15,-1,2,14,-1,-1,4
35151412,2,15,-1,2,14,-1,-1,4
35151413,2,15,-1,2,14,-1,-1,4
35151414,2,15,-1,2,14,-1,-1,4
35151415,2,15,-1,2,14,-1,-1,4
35151416,2,15,-1,2,14,-1,-1,4
35151417,2,15,-1,2,14,-1,-1,4
35151418,2,15,-1,2,14,-1,-1,4
35151419,2,15,-1,2,14,-1,-1,4
35151420,2,15,-1,2,14,-1,-1,4
35161401,2,16,-1,2,14,-1,-1,4
35161402,2,16,-1,2,14,-1,-1,4
35161403,2,16,-1,2,14,-1,-1,4
35161404,2,16,-1,2,14,-1,-1,4
35161405,2,16,-1,2,14,-1,-1,4
35161406,2,16,-1,2,14,-1,-1,4
35161407,2,16,-1,2,14,-1,-1,4
35161408,2,16,-1,2,14,-1,-1,4
35161409,2,16,-1,2,14,-1,-1,4
35161410,2,16,-1,2,14,-1,-1,4
35161411,2,16,-1,2,14,-1,-1,4
35161412,2,16,-1,2,14,-1,-1,4
35161413,2,16,-1,2,14,-1,-1,4
35161414,2,16,-1,2,14,-1,-1,4
35161415,2,16,-1,2,14,-1,-1,4
35161416,2,16,-1,2,14,-1,-1,4
35161417,2,16,-1,2,14,-1,-1,4
35161418,2,16,-1,2,14,-1,-1,4
35161419,2,16,-1,2,14,-1,-1,4
35161420,2,16,-1,2,14,-1,-1,4
35161501,2,16,-1,2,15,-1,-1,4
35161502,2,16,-1,2,15,-1,-1,4
35161503,2,16,-1,2,15,-1,-1,4
35161504,2,16,-1,2,15,-1,-1,4
35161505,2,16,-1,2,15,-1,-1,4
35161506,2,16,-1,2,15,-1,-1,4
35161507,2,16,-1,2,15,-1,-1,4
35161508,2,16,-1,2,15,-1,-1,4
35161509,2,16,-1,2,15,-1,-1,4
35161510,2,16,-1,2,15,-1,-1,4
35161511,2,16,-1,2,15,-1,-1,4
35161512,2,16,-1,2,15,-1,-1,4
35171501,2,17,-1,2,15,-1,-1,4
35171502,2,17,-1,2,15,-1,-1,4
35171503,2,17,-1,2,15,-1,-1,4
35171504,2,17,-1,2,15,-1,-1,4
35171505,2,17,-1,2,15,-1,-1,4
35171506,2,17,-1,2,15,-1,-1,4
35171507,2,17,-1,2,15,-1,-1,4
35171508,2,17,-1,2,15,-1,-1,4
35171509,2,17,-1,2,15,-1,-1,4
35171510,2,17,-1,2,15,-1,-1,4
35171511,2,17,-1,2,15,-1,-1,4
35171512,2,17,-1,2,15,-1,-1,4
35171513,2,17,-1,2,15,-1,-1,4
35171514,2,17,-1,2,15,-1,-1,4
35171515,2,17,-1,2,15,-1,-1,4
35171516,2,17,-1,2,15,-1,-1,4
35171517,2,17,-1,2,15,-1,-1,4
35171518,2,17,-1,2,15,-1,-1,4
35171519,2,17,-1,2,15,-1,-1,4
35171520,2,17,-1,2,15,-1,-1,4
35171521,2,17,-1,2,15,-1,-1,4
35171601,2,17,-1,2,16,-1,-1,4
35171602,2,17,-1,2,16,-1,-1,4
35171603,2,17,-1,2,16,-1,-1,4
35171604,2,17,-1,2,16,-1,-1,4
35171605,2,17,-1,2,16,-1,-1,4
35171606,2,17,-1,2,16,-1,-1,4
35171607,2,17,-1,2,16,-1,-1,4
35171608,2,17,-1,2,16,-1,-1,4
35171609,2,17,-1,2,16,-1,-1,4
35171610,2,17,-1,2,16,-1,-1,4
35171611,2,17,-1,2,16,-1,-1,4
35171612,2,17,-1,2,16,-1,-1,4
35171613,2,17,-1,2,16,-1,-1,4
35171614,2,17,-1,2,16,-1,-1,4
35171615,2,17,-1,2,16,-1,-1,4
35171616,2,17,-1,2,16,-1,-1,4
35171617,2,17,-1,2,16,-1,-1,4
35171618,2,17,-1,2,16,-1,-1,4
35171619,2,17,-1,2,16,-1,-1,4
35181601,2,18,-1,2,16,-1,-1,4
35181602,2,18,-1,2,16,-1,-1,4
35181603,2,18,-1,2,16,-1,-1,4
35181604,2,18,-1,2,16,-1,-1,4
35181605,2,18,-1,2,16,-1,-1,4
35181606,2,18,-1,2,16,-1,-1,4
35181607,2,18,-1,2,16,-1,-1,4
35181608,2,18,-1,2,16,-1,-1,4
35181609,2,18,-1,2,16,-1,-1,4
35181610,2,18,-1,2,16,-1,-1,4
35181611,2,18,-1,2,16,-1,-1,4
35181612,2,18,-1,2,16,-1,-1,4
35181613,2,18,-1,2,16,-1,-1,4
35181614,2,18,-1,2,16,-1,-1,4
35181615,2,18,-1,2,16,-1,-1,4
35181616,2,18,-1,2,16,-1,-1,4
35181617,2,18,-1,2,16,-1,-1,4
35181618,2,18,-1,2,16,-1,-1,4
35181619,2,18,-1,2,16,-1,-1,4
35181620,2,18,-1,2,16,-1,-1,4
35181101,2,18,-1,2,11,-1,-1,4
35181102,2,18,-1,2,11,-1,-1,4
35181103,2,18,-1,2,11,-1,-1,4
35181104,2,18,-1,2,11,-1,-1,4
35181105,2,18,-1,2,11,-1,-1,4
35181106,2,18,-1,2,11,-1,-1,4
35181107,2,18,-1,2,11,-1,-1,4
35181108,2,18,-1,2,11,-1,-1,4
35181109,2,18,-1,2,11,-1,-1,4
35181110,2,18,-1,2,11,-1,-1,4
35181111,2,18,-1,2,11,-1,-1,4
35181112,2,18,-1,2,11,-1,-1,4
35181113,2,18,-1,2,11,-1,-1,4
35181114,2,18,-1,2,11,-1,-1,4
35181115,2,18,-1,2,11,-1,-1,4
35181116,2,18,-1,2,11,-1,-1,4
35181117,2,18,-1,2,11,-1,-1,4
35181118,2,18,-1,2,11,-1,-1,4
35181119,2,18,-1,2,11,-1,-1,4
35181120,2,18,-1,2,11,-1,-1,4
35191101,2,19,-1,2,11,-1,-1,4
35191102,2,19,-1,2,11,-1,-1,4
35191103,2,19,-1,2,11,-1,-1,4
35191104,2,19,-1,2,11,-1,-1,4
35191105,2,19,-1,2,11,-1,-1,4
35191106,2,19,-1,2,11,-1,-1,4
35191107,2,19,-1,2,11,-1,-1,4
35191108,2,19,-1,2,11,-1,-1,4
35191109,2,19,-1,2,11,-1,-1,4
35191110,2,19,-1,2,11,-1,-1,4
35191111,2,19,-1,2,11,-1,-1,4
35191112,2,19,-1,2,11,-1,-1,4
35191113,2,19,-1,2,11,-1,-1,4
35191114,2,19,-1,2,11,-1,-1,4
35191115,2,19,-1,2,11,-1,-1,4
35191116,2,19,-1,2,11,-1,-1,4
35191117,2,19,-1,2,11,-1,-1,4
35191118,2,19,-1,2,11,-1,-1,4
35191119,2,19,-1,2,11,-1,-1,4
35191120,2,19,-1,2,11,-1,-1,4
35191201,2,19,-1,2,12,-1,-1,4
35191202,2,19,-1,2,12,-1,-1,4
35191203,2,19,-1,2,12,-1,-1,4
35191204,2,19,-1,2,12,-1,-1,4
35191205,2,19,-1,2,12,-1,-1,4
35191206,2,19,-1,2,12,-1,-1,4
35191207,2,19,-1,2,12,-1,-1,4
35191208,2,19,-1,2,12,-1,-1,4
35191209,2,19,-1,2,12,-1,-1,4
35191210,2,19,-1,2,12,-1,-1,4
35191211,2,19,-1,2,12,-1,-1,4
35191212,2,19,-1,2,12,-1,-1,4
35191213,2,19,-1,2,12,-1,-1,4
35191214,2,19,-1,2,12,-1,-1,4
35191215,2,19,-1,2,12,-1,-1,4
35191216,2,19,-1,2,12,-1,-1,4
35191217,2,19,-1,2,12,-1,-1,4
35191218,2,19,-1,2,12,-1,-1,4
35191219,2,19,-1,2,12,-1,-1,4
35191220,2,19,-1,2,12,-1,-1,4
35201201,2,20,-1,2,12,-1,-1,4
35201202,2,20,-1,2,12,-1,-1,4
35201203,2,20,-1,2,12,-1,-1,4
35201204,2,20,-1,2,12,-1,-1,4
35201205,2,20,-1,2,12,-1,-1,4
35201206,2,20,-1,2,12,-1,-1,4
35201207,2,20,-1,2,12,-1,-1,4
35201208,2,20,-1,2,12,-1,-1,4
35201209,2,20,-1,2,12,-1,-1,4
35201210,2,20,-1,2,12,-1,-1,4
35201211,2,20,-1,2,12,-1,-1,4
35201212,2,20,-1,2,12,-1,-1,4
35201213,2,20,-1,2,12,-1,-1,4
35201214,2,20,-1,2,12,-1,-1,4
35201215,2,20,-1,2,12,-1,-1,4
35201216,2,20,-1,2,12,-1,-1,4
35201217,2,20,-1,2,12,-1,-1,4
35201218,2,20,-1,2,12,-1,-1,4
35201219,2,20,-1,2,12,-1,-1,4
35201220,2,20,-1,2,12,-1,-1,4
35201301,2,20,-1,2,13,-1,-1,4
35201302,2,20,-1,2,13,-1,-1,4
35201303,2,20,-1,2,13,-1,-1,4
35201304,2,20,-1,2,13,-1,-1,4
35201305,2,20,-1,2,13,-1,-1,4
35201306,2,20,-1,2,13,-1,-1,4
35201307,2,20,-1,2,13,-1,-1,4
35201308,2,20,-1,2,13,-1,-1,4
35201309,2,20,-1,2,13,-1,-1,4
35201310,2,20,-1,2,13,-1,-1,4
35201311,2,20,-1,2,13,-1,-1,4
35201312,2,20,-1,2,13,-1,-1,4
35201313,2,20,-1,2,13,-1,-1,4
35201314,2,20,-1,2,13,-1,-1,4
35201315,2,20,-1,2,13,-1,-1,4
35201316,2,20,-1,2,13,-1,-1,4
35201317,2,20,-1,2,13,-1,-1,4
35201318,2,20,-1,2,13,-1,-1,4
35201319,2,20,-1,2,13,-1,-1,4
35201320,2,20,-1,2,13,-1,-1,4
35201321,2,20,-1,2,13,-1,-1,4
35211301,2,21,-1,2,13,-1,-1,4
35211302,2,21,-1,2,13,-1,-1,4
35211303,2,21,-1,2,13,-1,-1,4
35211304,2,21,-1,2,13,-1,-1,4
35211305,2,21,-1,2,13,-1,-1,4
35211306,2,21,-1,2,13,-1,-1,4
35211307,2,21,-1,2,13,-1,-1,4
35211308,2,21,-1,2,13,-1,-1,4
35211309,2,21,-1,2,13,-1,-1,4
35211310,2,21,-1,2,13,-1,-1,4
35211311,2,21,-1,2,13,-1,-1,4
35211312,2,21,-1,2,13,-1,-1,4
35211313,2,21,-1,2,13,-1,-1,4
35211314,2,21,-1,2,13,-1,-1,4
35211315,2,21,-1,2,13,-1,-1,4
35211316,2,21,-1,2,13,-1,-1,4
35211317,2,21,-1,2,13,-1,-1,4
35211318,2,21,-1,2,13,-1,-1,4
35211319,2,21,-1,2,13,-1,-1,4
35211320,2,21,-1,2,13,-1,-1,4
35211401,2,21,-1,2,14,-1,-1,4
35211402,2,21,-1,2,14,-1,-1,4
35211403,2,21,-1,2,14,-1,-1,4
35211404,2,21,-1,2,14,-1,-1,4
35211405,2,21,-1,2,14,-1,-1,4
35211406,2,21,-1,2,14,-1,-1,4
35211407,2,21,-1,2,14,-1,-1,4
35211408,2,21,-1,2,14,-1,-1,4
35211409,2,21,-1,2,14,-1,-1,4
35211410,2,21,-1,2,14,-1,-1,4
35211411,2,21,-1,2,14,-1,-1,4
35211412,2,21,-1,2,14,-1,-1,4
35211413,2,21,-1,2,14,-1,-1,4
35211414,2,21,-1,2,14,-1,-1,4
35211415,2,21,-1,2,14,-1,-1,4
35211416,2,21,-1,2,14,-1,-1,4
35211417,2,21,-1,2,14,-1,-1,4
35211418,2,21,-1,2,14,-1,-1,4
35211419,2,21,-1,2,14,-1,-1,4
35211420,2,21,-1,2,14,-1,-1,4
35222401,2,22,-1,2,24,-1,-1,4
35222402,2,22,-1,2,24,-1,-1,4
35222403,2,22,-1,2,24,-1,-1,4
35222404,2,22,-1,2,24,-1,-1,4
35222405,2,22,-1,2,24,-1,-1,4
35222406,2,22,-1,2,24,-1,-1,4
35222407,2,22,-1,2,24,-1,-1,4
35222408,2,22,-1,2,24,-1,-1,4
35222409,2,22,-1,2,24,-1,-1,4
35222410,2,22,-1,2,24,-1,-1,4
35222411,2,22,-1,2,24,-1,-1,4
35222412,2,22,-1,2,24,-1,-1,4
35222413,2,22,-1,2,24,-1,-1,4
35222414,2,22,-1,2,24,-1,-1,4
35222415,2,22,-1,2,24,-1,-1,4
35222416,2,22,-1,2,24,-1,-1,4
35222417,2,22,-1,2,24,-1,-1,4
35222418,2,22,-1,2,24,-1,-1,4
35222419,2,22,-1,2,24,-1,-1,4
35222420,2,22,-1,2,24,-1,-1,4
35222501,2,22,-1,2,25,-1,-1,4
35222502,2,22,-1,2,25,-1,-1,4
35222503,2,22,-1,2,25,-1,-1,4
35222504,2,22,-1,2,25,-1,-1,4
35222505,2,22,-1,2,25,-1,-1,4
35222506,2,22,-1,2,25,-1,-1,4
35222507,2,22,-1,2,25,-1,-1,4
35222508,2,22,-1,2,25,-1,-1,4
35222509,2,22,-1,2,25,-1,-1,4
35222510,2,22,-1,2,25,-1,-1,4
35222511,2,22,-1,2,25,-1,-1,4
35222512,2,22,-1,2,25,-1,-1,4
35222513,2,22,-1,2,25,-1,-1,4
35222514,2,22,-1,2,25,-1,-1,4
35222515,2,22,-1,2,25,-1,-1,4
35222516,2,22,-1,2,25,-1,-1,4
35222517,2,22,-1,2,25,-1,-1,4
35222518,2,22,-1,2,25,-1,-1,4
35222519,2,22,-1,2,25,-1,-1,4
35222520,2,22,-1,2,25,-1,-1,4
35222521,2,22,-1,2,25,-1,-1,4
35232501,2,23,-1,2,25,-1,-1,4
35232502,2,23,-1,2,25,-1,-1,4
35232503,2,23,-1,2,25,-1,-1,4
35232504,2,23,-1,2,25,-1,-1,4
35232505,2,23,-1,2,25,-1,-1,4
35232506,2,23,-1,2,25,-1,-1,4
35232507,2,23,-1,2,25,-1,-1,4
35232508,2,23,-1,2,25,-1,-1,4
35232509,2,23,-1,2,25,-1,-1,4
35232510,2,23,-1,2,25,-1,-1,4
35232511,2,23,-1,2,25,-1,-1,4
35232512,2,23,-1,2,25,-1,-1,4
35232513,2,23,-1,2,25,-1,-1,4
35232514,2,23,-1,2,25,-1,-1,4
35232515,2,23,-1,2,25,-1,-1,4
35232516,2,23,-1,2,25,-1,-1,4
35232517,2,23,-1,2,25,-1,-1,4
35232518,2,23,-1,2,25,-1,-1,4
35232519,2,23,-1,2,25,-1,-1,4
35232520,2,23,-1,2,25,-1,-1,4
35232601,2,23,-1,2,26,-1,-1,4
35232602,2,23,-1,2,26,-1,-1,4
35232603,2,23,-1,2,26,-1,-1,4
35232604,2,23,-1,2,26,-1,-1,4
35232605,2,23,-1,2,26,-1,-1,4
35232606,2,23,-1,2,26,-1,-1,4
35232607,2,23,-1,2,26,-1,-1,4
35232608,2,23,-1,2,26,-1,-1,4
35232609,2,23,-1,2,26,-1,-1,4
35232610,2,23,-1,2,26,-1,-1,4
35232611,2,23,-1,2,26,-1,-1,4
35232612,2,23,-1,2,26,-1,-1,4
35232613,2,23,-1,2,26,-1,-1,4
35232614,2,23,-1,2,26,-1,-1,4
35232615,2,23,-1,2,26,-1,-1,4
35232616,2,23,-1,2,26,-1,-1,4
35232617,2,23,-1,2,26,-1,-1,4
35232618,2,23,-1,2,26,-1,-1,4
35232619,2,23,-1,2,26,-1,-1,4
35232620,2,23,-1,2,26,-1,-1,4
35232621,2,23,-1,2,26,-1,-1,4
35242601,2,24,-1,2,26,-1,-1,4
35242602,2,24,-1,2,26,-1,-1,4
35242603,2,24,-1,2,26,-1,-1,4
35242604,2,24,-1,2,26,-1,-1,4
35242605,2,24,-1,2,26,-1,-1,4
35242606,2,24,-1,2,26,-1,-1,4
35242607,2,24,-1,2,26,-1,-1,4
35242608,2,24,-1,2,26,-1,-1,4
35242609,2,24,-1,2,26,-1,-1,4
35242610,2,24,-1,2,26,-1,-1,4
35242611,2,24,-1,2,26,-1,-1,4
35242612,2,24,-1,2,26,-1,-1,4
35242613,2,24,-1,2,26,-1,-1,4
35242614,2,24,-1,2,26,-1,-1,4
35242615,2,24,-1,2,26,-1,-1,4
35242616,2,24,-1,2,26,-1,-1,4
35242617,2,24,-1,2,26,-1,-1,4
35242618,2,24,-1,2,26,-1,-1,4
35242619,2,24,-1,2,26,-1,-1,4
35242620,2,24,-1,2,26,-1,-1,4
35242101,2,24,-1,2,21,-1,-1,4
35242102,2,24,-1,2,21,-1,-1,4
35242103,2,24,-1,2,21,-1,-1,4
35242104,2,24,-1,2,21,-1,-1,4
35242105,2,24,-1,2,21,-1,-1,4
35242106,2,24,-1,2,21,-1,-1,4
35242107,2,24,-1,2,21,-1,-1,4
35242108,2,24,-1,2,21,-1,-1,4
35242109,2,24,-1,2,21,-1,-1,4
35242110,2,24,-1,2,21,-1,-1,4
35242111,2,24,-1,2,21,-1,-1,4
35242112,2,24,-1,2,21,-1,-1,4
35242113,2,24,-1,2,21,-1,-1,4
35242114,2,24,-1,2,21,-1,-1,4
35242115,2,24,-1,2,21,-1,-1,4
35242116,2,24,-1,2,21,-1,-1,4
35242117,2,24,-1,2,21,-1,-1,4
35242118,2,24,-1,2,21,-1,-1,4
35242119,2,24,-1,2,21,-1,-1,4
35242120,2,24,-1,2,21,-1,-1,4
35242121,2,24,-1,2,21,-1,-1,4
35252101,2,25,-1,2,21,-1,-1,4
35252102,2,25,-1,2,21,-1,-1,4
35252103,2,25,-1,2,21,-1,-1,4
35252104,2,25,-1,2,21,-1,-1,4
35252105,2,25,-1,2,21,-1,-1,4
35252106,2,25,-1,2,21,-1,-1,4
35252107,2,25,-1,2,21,-1,-1,4
35252108,2,25,-1,2,21,-1,-1,4
35252109,2,25,-1,2,21,-1,-1,4
35252110,2,25,-1,2,21,-1,-1,4
35252111,2,25,-1,2,21,-1,-1,4
35252112,2,25,-1,2,21,-1,-1,4
35252113,2,25,-1,2,21,-1,-1,4
35252114,2,25,-1,2,21,-1,-1,4
35252115,2,25,-1,2,21,-1,-1,4
35252116,2,25,-1,2,21,-1,-1,4
35252117,2,25,-1,2,21,-1,-1,4
35252118,2,25,-1,2,21,-1,-1,4
35252119,2,25,-1,2,21,-1,-1,4
35252120,2,25,-1,2,21,-1,-1,4
35252201,2,25,-1,2,22,-1,-1,4
35252202,2,25,-1,2,22,-1,-1,4
35252203,2,25,-1,2,22,-1,-1,4
35252204,2,25,-1,2,22,-1,-1,4
35252205,2,25,-1,2,22,-1,-1,4
35252206,2,25,-1,2,22,-1,-1,4
35252207,2,25,-1,2,22,-1,-1,4
35252208,2,25,-1,2,22,-1,-1,4
35252209,2,25,-1,2,22,-1,-1,4
35252210,2,25,-1,2,22,-1,-1,4
35252211,2,25,-1,2,22,-1,-1,4
35252212,2,25,-1,2,22,-1,-1,4
35252213,2,25,-1,2,22,-1,-1,4
35252214,2,25,-1,2,22,-1,-1,4
35252215,2,25,-1,2,22,-1,-1,4
35252216,2,25,-1,2,22,-1,-1,4
35252217,2,25,-1,2,22,-1,-1,4
35252218,2,25,-1,2,22,-1,-1,4
35252219,2,25,-1,2,22,-1,-1,4
35252220,2,25,-1,2,22,-1,-1,4
35262201,2,26,-1,2,22,-1,-1,4
35262202,2,26,-1,2,22,-1,-1,4
35262203,2,26,-1,2,22,-1,-1,4
35262204,2,26,-1,2,22,-1,-1,4
35262205,2,26,-1,2,22,-1,-1,4
35262206,2,26,-1,2,22,-1,-1,4
35262207,2,26,-1,2,22,-1,-1,4
35262208,2,26,-1,2,22,-1,-1,4
35262209,2,26,-1,2,22,-1,-1,4
35262210,2,26,-1,2,22,-1,-1,4
35262211,2,26,-1,2,22,-1,-1,4
35262212,2,26,-1,2,22,-1,-1,4
35262213,2,26,-1,2,22,-1,-1,4
35262214,2,26,-1,2,22,-1,-1,4
35262215,2,26,-1,2,22,-1,-1,4
35262216,2,26,-1,2,22,-1,-1,4
35262217,2,26,-1,2,22,-1,-1,4
35262218,2,26,-1,2,22,-1,-1,4
35262219,2,26,-1,2,22,-1,-1,4
35262220,2,26,-1,2,22,-1,-1,4
35262301,2,26,-1,2,23,-1,-1,4
35262302,2,26,-1,2,23,-1,-1,4
35262303,2,26,-1,2,23,-1,-1,4
35262304,2,26,-1,2,23,-1,-1,4
35262305,2,26,-1,2,23,-1,-1,4
35262306,2,26,-1,2,23,-1,-1,4
35262307,2,26,-1,2,23,-1,-1,4
35262308,2,26,-1,2,23,-1,-1,4
35262309,2,26,-1,2,23,-1,-1,4
35262310,2,26,-1,2,23,-1,-1,4
35262311,2,26,-1,2,23,-1,-1,4
35262312,2,26,-1,2,23,-1,-1,4
35262313,2,26,-1,2,23,-1,-1,4
35262314,2,26,-1,2,23,-1,-1,4
35262315,2,26,-1,2,23,-1,-1,4
35262316,2,26,-1,2,23,-1,-1,4
35262317,2,26,-1,2,23,-1,-1,4
35262318,2,26,-1,2,23,-1,-1,4
35262319,2,26,-1,2,23,-1,-1,4
35262320,2,26,-1,2,23,-1,-1,4
35272301,2,27,-1,2,23,-1,-1,4
35272302,2,27,-1,2,23,-1,-1,4
35272303,2,27,-1,2,23,-1,-1,4
35272304,2,27,-1,2,23,-1,-1,4
35272305,2,27,-1,2,23,-1,-1,4
35272306,2,27,-1,2,23,-1,-1,4
35272307,2,27,-1,2,23,-1,-1,4
35272308,2,27,-1,2,23,-1,-1,4
35272309,2,27,-1,2,23,-1,-1,4
35272310,2,27,-1,2,23,-1,-1,4
35272311,2,27,-1,2,23,-1,-1,4
35272312,2,27,-1,2,23,-1,-1,4
35272313,2,27,-1,2,23,-1,-1,4
35272314,2,27,-1,2,23,-1,-1,4
35272315,2,27,-1,2,23,-1,-1,4
35272316,2,27,-1,2,23,-1,-1,4
35272317,2,27,-1,2,23,-1,-1,4
35272318,2,27,-1,2,23,-1,-1,4
35272319,2,27,-1,2,23,-1,-1,4
35272320,2,27,-1,2,23,-1,-1,4
35272401,2,27,-1,2,24,-1,-1,4
35272402,2,27,-1,2,24,-1,-1,4
35272403,2,27,-1,2,24,-1,-1,4
35272404,2,27,-1,2,24,-1,-1,4
35272405,2,27,-1,2,24,-1,-1,4
35272406,2,27,-1,2,24,-1,-1,4
35272407,2,27,-1,2,24,-1,-1,4
35272408,2,27,-1,2,24,-1,-1,4
35272409,2,27,-1,2,24,-1,-1,4
35272410,2,27,-1,2,24,-1,-1,4
35272411,2,27,-1,2,24,-1,-1,4
35272412,2,27,-1,2,24,-1,-1,4
35272413,2,27,-1,2,24,-1,-1,4
35272414,2,27,-1,2,24,-1,-1,4
35272415,2,27,-1,2,24,-1,-1,4
35272416,2,27,-1,2,24,-1,-1,4
35272417,2,27,-1,2,24,-1,-1,4
35272418,2,27,-1,2,24,-1,-1,4
35272419,2,27,-1,2,24,-1,-1,4
35272420,2,27,-1,2,24,-1,-1,4
35272421,2,27,-1,2,24,-1,-1,4
35282401,2,28,-1,2,24,-1,-1,4
35282402,2,28,-1,2,24,-1,-1,4
35282403,2,28,-1,2,24,-1,-1,4
35282404,2,28,-1,2,24,-1,-1,4
35282405,2,28,-1,2,24,-1,-1,4
35282406,2,28,-1,2,24,-1,-1,4
35282407,2,28,-1,2,24,-1,-1,4
35282408,2,28,-1,2,24,-1,-1,4
35282409,2,28,-1,2,24,-1,-1,4
35282410,2,28,-1,2,24,-1,-1,4
35282411,2,28,-1,2,24,-1,-1,4
35282412,2,28,-1,2,24,-1,-1,4
35282413,2,28,-1,2,24,-1,-1,4
35282414,2,28,-1,2,24,-1,-1,4
35282415,2,28,-1,2,24,-1,-1,4
35282416,2,28,-1,2,24,-1,-1,4
35282417,2,28,-1,2,24,-1,-1,4
35282418,2,28,-1,2,24,-1,-1,4
35282419,2,28,-1,2,24,-1,-1,4
35282420,2,28,-1,2,24,-1,-1,4
35282421,2,28,-1,2,24,-1,-1,4
35282501,2,28,-1,2,25,-1,-1,4
35282502,2,28,-1,2,25,-1,-1,4
35282503,2,28,-1,2,25,-1,-1,4
35282504,2,28,-1,2,25,-1,-1,4
35282505,2,28,-1,2,25,-1,-1,4
35282506,2,28,-1,2,25,-1,-1,4
35282507,2,28,-1,2,25,-1,-1,4
35282508,2,28,-1,2,25,-1,-1,4
35282509,2,28,-1,2,25,-1,-1,4
35282510,2,28,-1,2,25,-1,-1,4
35282511,2,28,-1,2,25,-1,-1,4
35282512,2,28,-1,2,25,-1,-1,4
35282513,2,28,-1,2,25,-1,-1,4
35282514,2,28,-1,2,25,-1,-1,4
35282515,2,28,-1,2,25,-1,-1,4
35282516,2,28,-1,2,25,-1,-1,4
35282517,2,28,-1,2,25,-1,-1,4
35282518,2,28,-1,2,25,-1,-1,4
35282519,2,28,-1,2,25,-1,-1,4
35282520,2,28,-1,2,25,-1,-1,4
35282521,2,28,-1,2,25,-1,-1,4
35282522,2,28,-1,2,25,-1,-1,4
35292501,2,29,-1,2,25,-1,-1,4
35292502,2,29,-1,2,25,-1,-1,4
35292503,2,29,-1,2,25,-1,-1,4
35292504,2,29,-1,2,25,-1,-1,4
35292505,2,29,-1,2,25,-1,-1,4
35292506,2,29,-1,2,25,-1,-1,4
35292507,2,29,-1,2,25,-1,-1,4
35292508,2,29,-1,2,25,-1,-1,4
35292509,2,29,-1,2,25,-1,-1,4
35292510,2,29,-1,2,25,-1,-1,4
35292511,2,29,-1,2,25,-1,-1,4
35292512,2,29,-1,2,25,-1,-1,4
35292513,2,29,-1,2,25,-1,-1,4
35292514,2,29,-1,2,25,-1,-1,4
35292515,2,29,-1,2,25,-1,-1,4
35292516,2,29,-1,2,25,-1,-1,4
35292517,2,29,-1,2,25,-1,-1,4
35292518,2,29,-1,2,25,-1,-1,4
35292519,2,29,-1,2,25,-1,-1,4
35292520,2,29,-1,2,25,-1,-1,4
35292601,2,29,-1,2,26,-1,-1,4
35292602,2,29,-1,2,26,-1,-1,4
35292603,2,29,-1,2,26,-1,-1,4
35292604,2,29,-1,2,26,-1,-1,4
35292605,2,29,-1,2,26,-1,-1,4
35292606,2,29,-1,2,26,-1,-1,4
35292607,2,29,-1,2,26,-1,-1,4
35292608,2,29,-1,2,26,-1,-1,4
35292609,2,29,-1,2,26,-1,-1,4
35292610,2,29,-1,2,26,-1,-1,4
35292611,2,29,-1,2,26,-1,-1,4
35292612,2,29,-1,2,26,-1,-1,4
35292613,2,29,-1,2,26,-1,-1,4
35292614,2,29,-1,2,26,-1,-1,4
35292615,2,29,-1,2,26,-1,-1,4
35292616,2,29,-1,2,26,-1,-1,4
35292617,2,29,-1,2,26,-1,-1,4
35292618,2,29,-1,2,26,-1,-1,4
35292619,2,29,-1,2,26,-1,-1,4
35292620,2,29,-1,2,26,-1,-1,4
35292621,2,29,-1,2,26,-1,-1,4
35302601,2,30,-1,2,26,-1,-1,4
35302602,2,30,-1,2,26,-1,-1,4
35302603,2,30,-1,2,26,-1,-1,4
35302604,2,30,-1,2,26,-1,-1,4
35302605,2,30,-1,2,26,-1,-1,4
35302606,2,30,-1,2,26,-1,-1,4
35302607,2,30,-1,2,26,-1,-1,4
35302608,2,30,-1,2,26,-1,-1,4
35302609,2,30,-1,2,26,-1,-1,4
35302610,2,30,-1,2,26,-1,-1,4
35302611,2,30,-1,2,26,-1,-1,4
35302612,2,30,-1,2,26,-1,-1,4
35302613,2,30,-1,2,26,-1,-1,4
35302614,2,30,-1,2,26,-1,-1,4
35302615,2,30,-1,2,26,-1,-1,4
35302616,2,30,-1,2,26,-1,-1,4
35302617,2,30,-1,2,26,-1,-1,4
35302618,2,30,-1,2,26,-1,-1,4
35302619,2,30,-1,2,26,-1,-1,4
35302620,2,30,-1,2,26,-1,-1,4
35302101,2,30,-1,2,21,-1,-1,4
35302102,2,30,-1,2,21,-1,-1,4
35302103,2,30,-1,2,21,-1,-1,4
35302104,2,30,-1,2,21,-1,-1,4
35302105,2,30,-1,2,21,-1,-1,4
35302106,2,30,-1,2,21,-1,-1,4
35302107,2,30,-1,2,21,-1,-1,4
35302108,2,30,-1,2,21,-1,-1,4
35302109,2,30,-1,2,21,-1,-1,4
35302110,2,30,-1,2,21,-1,-1,4
35302111,2,30,-1,2,21,-1,-1,4
35302112,2,30,-1,2,21,-1,-1,4
35302113,2,30,-1,2,21,-1,-1,4
35302114,2,30,-1,2,21,-1,-1,4
35302115,2,30,-1,2,21,-1,-1,4
35302116,2,30,-1,2,21,-1,-1,4
35302117,2,30,-1,2,21,-1,-1,4
35302118,2,30,-1,2,21,-1,-1,4
35302119,2,30,-1,2,21,-1,-1,4
35302120,2,30,-1,2,21,-1,-1,4
35312101,2,31,-1,2,21,-1,-1,4
35312102,2,31,-1,2,21,-1,-1,4
35312103,2,31,-1,2,21,-1,-1,4
35312104,2,31,-1,2,21,-1,-1,4
35312105,2,31,-1,2,21,-1,-1,4
35312106,2,31,-1,2,21,-1,-1,4
35312107,2,31,-1,2,21,-1,-1,4
35312108,2,31,-1,2,21,-1,-1,4
35312109,2,31,-1,2,21,-1,-1,4
35312110,2,31,-1,2,21,-1,-1,4
35312111,2,31,-1,2,21,-1,-1,4
35312112,2,31,-1,2,21,-1,-1,4
35312113,2,31,-1,2,21,-1,-1,4
35312114,2,31,-1,2,21,-1,-1,4
35312115,2,31,-1,2,21,-1,-1,4
35312116,2,31,-1,2,21,-1,-1,4
35312117,2,31,-1,2,21,-1,-1,4
35312118,2,31,-1,2,21,-1,-1,4
35312119,2,31,-1,2,21,-1,-1,4
35312120,2,31,-1,2,21,-1,-1,4
35312201,2,31,-1,2,22,-1,-1,4
35312202,2,31,-1,2,22,-1,-1,4
35312203,2,31,-1,2,22,-1,-1,4
35312204,2,31,-1,2,22,-1,-1,4
35312205,2,31,-1,2,22,-1,-1,4
35312206,2,31,-1,2,22,-1,-1,4
35312207,2,31,-1,2,22,-1,-1,4
35312208,2,31,-1,2,22,-1,-1,4
35312209,2,31,-1,2,22,-1,-1,4
35312210,2,31,-1,2,22,-1,-1,4
35312211,2,31,-1,2,22,-1,-1,4
35312212,2,31,-1,2,22,-1,-1,4
35312213,2,31,-1,2,22,-1,-1,4
35312214,2,31,-1,2,22,-1,-1,4
35312215,2,31,-1,2,22,-1,-1,4
35312216,2,31,-1,2,22,-1,-1,4
35312217,2,31,-1,2,22,-1,-1,4
35312218,2,31,-1,2,22,-1,-1,4
35312219,2,31,-1,2,22,-1,-1,4
35312220,2,31,-1,2,22,-1,-1,4
35323201,2,32,-1,2,32,-1,-1,4
35323202,2,32,-1,2,32,-1,-1,4
35323203,2,32,-1,2,32,-1,-1,4
35323204,2,32,-1,2,32,-1,-1,4
35323205,2,32,-1,2,32,-1,-1,4
35323206,2,32,-1,2,32,-1,-1,4
35323207,2,32,-1,2,32,-1,-1,4
35323208,2,32,-1,2,32,-1,-1,4
35323209,2,32,-1,2,32,-1,-1,4
35323210,2,32,-1,2,32,-1,-1,4
35323211,2,32,-1,2,32,-1,-1,4
35323212,2,32,-1,2,32,-1,-1,4
35323213,2,32,-1,2,32,-1,-1,4
35323214,2,32,-1,2,32,-1,-1,4
35323215,2,32,-1,2,32,-1,-1,4
35323216,2,32,-1,2,32,-1,-1,4
35323217,2,32,-1,2,32,-1,-1,4
35323218,2,32,-1,2,32,-1,-1,4
35323219,2,32,-1,2,32,-1,-1,4
35323220,2,32,-1,2,32,-1,-1,4
35323301,2,32,-1,2,33,-1,-1,4
35323302,2,32,-1,2,33,-1,-1,4
35323303,2,32,-1,2,33,-1,-1,4
35323304,2,32,-1,2,33,-1,-1,4
35323305,2,32,-1,2,33,-1,-1,4
35323306,2,32,-1,2,33,-1,-1,4
35323307,2,32,-1,2,33,-1,-1,4
35323308,2,32,-1,2,33,-1,-1,4
35323309,2,32,-1,2,33,-1,-1,4
35323310,2,32,-1,2,33,-1,-1,4
35323311,2,32,-1,2,33,-1,-1,4
35323312,2,32,-1,2,33,-1,-1,4
35323313,2,32,-1,2,33,-1,-1,4
35323314,2,32,-1,2,33,-1,-1,4
35323315,2,32,-1,2,33,-1,-1,4
35323316,2,32,-1,2,33,-1,-1,4
35323317,2,32,-1,2,33,-1,-1,4
35323318,2,32,-1,2,33,-1,-1,4
35323319,2,32,-1,2,33,-1,-1,4
35323320,2,32,-1,2,33,-1,-1,4
35333101,2,33,-1,2,31,-1,-1,4
35333102,2,33,-1,2,31,-1,-1,4
35333103,2,33,-1,2,31,-1,-1,4
35333104,2,33,-1,2,31,-1,-1,4
35333105,2,33,-1,2,31,-1,-1,4
35333106,2,33,-1,2,31,-1,-1,4
35333107,2,33,-1,2,31,-1,-1,4
35333108,2,33,-1,2,31,-1,-1,4
35333109,2,33,-1,2,31,-1,-1,4
35333110,2,33,-1,2,31,-1,-1,4
35333111,2,33,-1,2,31,-1,-1,4
35333112,2,33,-1,2,31,-1,-1,4
35333113,2,33,-1,2,31,-1,-1,4
35333114,2,33,-1,2,31,-1,-1,4
35333115,2,33,-1,2,31,-1,-1,4
35333116,2,33,-1,2,31,-1,-1,4
35333117,2,33,-1,2,31,-1,-1,4
35333118,2,33,-1,2,31,-1,-1,4
35333119,2,33,-1,2,31,-1,-1,4
35333120,2,33,-1,2,31,-1,-1,4
35333401,2,33,-1,2,34,-1,-1,4
35333402,2,33,-1,2,34,-1,-1,4
35333403,2,33,-1,2,34,-1,-1,4
35333404,2,33,-1,2,34,-1,-1,4
35333405,2,33,-1,2,34,-1,-1,4
35333406,2,33,-1,2,34,-1,-1,4
35333407,2,33,-1,2,34,-1,-1,4
35333408,2,33,-1,2,34,-1,-1,4
35333409,2,33,-1,2,34,-1,-1,4
35333410,2,33,-1,2,34,-1,-1,4
35333411,2,33,-1,2,34,-1,-1,4
35333412,2,33,-1,2,34,-1,-1,4
35333413,2,33,-1,2,34,-1,-1,4
35333414,2,33,-1,2,34,-1,-1,4
35333415,2,33,-1,2,34,-1,-1,4
35333416,2,33,-1,2,34,-1,-1,4
35333417,2,33,-1,2,34,-1,-1,4
35333418,2,33,-1,2,34,-1,-1,4
35333419,2,33,-1,2,34,-1,-1,4
35333420,2,33,-1,2,34,-1,-1,4
35343501,2,34,-1,2,35,-1,-1,4
35343502,2,34,-1,2,35,-1,-1,4
35343503,2,34,-1,2,35,-1,-1,4
35343504,2,34,-1,2,35,-1,-1,4
35343505,2,34,-1,2,35,-1,-1,4
35343506,2,34,-1,2,35,-1,-1,4
35343507,2,34,-1,2,35,-1,-1,4
35343508,2,34,-1,2,35,-1,-1,4
35343509,2,34,-1,2,35,-1,-1,4
35343510,2,34,-1,2,35,-1,-1,4
35343511,2,34,-1,2,35,-1,-1,4
35343512,2,34,-1,2,35,-1,-1,4
35343513,2,34,-1,2,35,-1,-1,4
35343514,2,34,-1,2,35,-1,-1,4
35343515,2,34,-1,2,35,-1,-1,4
35343516,2,34,-1,2,35,-1,-1,4
35343517,2,34,-1,2,35,-1,-1,4
35343518,2,34,-1,2,35,-1,-1,4
35343519,2,34,-1,2,35,-1,-1,4
35343520,2,34,-1,2,35,-1,-1,4
35343601,2,34,-1,2,36,-1,-1,4
35343602,2,34,-1,2,36,-1,-1,4
35343603,2,34,-1,2,36,-1,-1,4
35343604,2,34,-1,2,36,-1,-1,4
35343605,2,34,-1,2,36,-1,-1,4
35343606,2,34,-1,2,36,-1,-1,4
35343607,2,34,-1,2,36,-1,-1,4
35343608,2,34,-1,2,36,-1,-1,4
35343609,2,34,-1,2,36,-1,-1,4
35343610,2,34,-1,2,36,-1,-1,4
35343611,2,34,-1,2,36,-1,-1,4
35343612,2,34,-1,2,36,-1,-1,4
35343613,2,34,-1,2,36,-1,-1,4
35343614,2,34,-1,2,36,-1,-1,4
35343615,2,34,-1,2,36,-1,-1,4
35343616,2,34,-1,2,36,-1,-1,4
35343617,2,34,-1,2,36,-1,-1,4
35343618,2,34,-1,2,36,-1,-1,4
35343619,2,34,-1,2,36,-1,-1,4
