58032201,3,22,-1,2,21,2,3,2
58032202,3,22,-1,2,21,2,3,2
58032203,3,22,-1,2,21,2,3,2
58032204,3,22,-1,2,21,2,3,2
58032205,3,22,-1,2,21,2,3,2
58032206,3,22,-1,2,21,2,3,2
58032207,3,22,-1,2,21,2,3,2
58032208,3,22,-1,2,21,2,3,2
58032209,3,22,-1,2,21,2,3,2
58032210,3,22,-1,2,21,2,3,2
58032211,3,22,-1,2,21,2,3,2
58032212,3,22,-1,2,21,2,3,2
58032213,3,22,-1,2,21,2,3,2
58032214,3,22,-1,2,21,2,3,2
58032215,3,22,-1,2,21,2,3,2
58032216,3,22,-1,2,21,2,3,2
58032217,3,22,-1,2,21,2,3,2
58032218,3,22,-1,2,21,2,3,2
58032219,3,22,-1,2,21,2,3,2
58032220,3,22,-1,2,21,2,3,2
58032221,3,22,-1,2,21,2,3,2
58032222,3,22,-1,2,21,2,3,2
58032223,3,22,-1,2,21,2,3,2
58032224,3,22,-1,2,21,2,3,2
58032225,3,22,-1,2,21,2,3,2
58032226,3,22,-1,2,21,2,3,2
58032227,3,22,-1,2,21,2,3,2
58032228,3,22,-1,2,21,2,3,2
58032229,3,22,-1,2,21,2,3,2
58032230,3,22,-1,2,21,2,3,2
58032231,3,22,-1,2,21,2,3,2
58032232,3,22,-1,2,21,2,3,2
58032233,3,22,-1,2,21,2,3,2
58032234,3,22,-1,2,21,2,3,2
58032235,3,22,-1,2,21,2,3,2
58032236,3,22,-1,2,21,2,3,2
58032237,3,22,-1,2,21,2,3,2
58032501,3,25,-1,2,21,2,3,2
58032502,3,25,-1,2,21,2,3,2
58032503,3,25,-1,2,21,2,3,2
58032504,3,25,-1,2,21,2,3,2
58032505,3,25,-1,2,21,2,3,2
58032506,3,25,-1,2,21,2,3,2
58032507,3,25,-1,2,21,2,3,2
58032508,3,25,-1,2,21,2,3,2
58032509,3,25,-1,2,21,2,3,2
58032510,3,25,-1,2,21,2,3,2
58032511,3,25,-1,2,21,2,3,2
58032512,3,25,-1,2,21,2,3,2
58032513,3,25,-1,2,21,2,3,2
58032514,3,25,-1,2,21,2,3,2
58032515,3,25,-1,2,21,2,3,2
58032516,3,25,-1,2,21,2,3,2
58032517,3,25,-1,2,21,2,3,2
58032518,3,25,-1,2,21,2,3,2
58032519,3,25,-1,2,21,2,3,2
58032520,3,25,-1,2,21,2,3,2
58032521,3,25,-1,2,21,2,3,2
58032522,3,25,-1,2,21,2,3,2
58032523,3,25,-1,2,21,2,3,2
58032524,3,25,-1,2,21,2,3,2
58032525,3,25,-1,2,21,2,3,2
58032526,3,25,-1,2,21,2,3,2
58032527,3,25,-1,2,21,2,3,2
58032528,3,25,-1,2,21,2,3,2
58032529,3,25,-1,2,21,2,3,2
58032530,3,25,-1,2,21,2,3,2
58032531,3,25,-1,2,21,2,3,2
58032532,3,25,-1,2,21,2,3,2
58032533,3,25,-1,2,21,2,3,2
58032534,3,25,-1,2,21,2,3,2
58032535,3,25,-1,2,21,2,3,2
58032536,3,25,-1,2,21,2,3,2
58032537,3,25,-1,2,21,2,3,2
58032538,3,25,-1,2,21,2,3,2
58032539,3,25,-1,2,21,2,3,2
58042201,3,22,-1,2,21,2,4,2
58042202,3,22,-1,2,21,2,4,2
58042203,3,22,-1,2,21,2,4,2
58042204,3,22,-1,2,21,2,4,2
58042205,3,22,-1,2,21,2,4,2
58042206,3,22,-1,2,21,2,4,2
58042207,3,22,-1,2,21,2,4,2
58042208,3,22,-1,2,21,2,4,2
58042209,3,22,-1,2,21,2,4,2
58042210,3,22,-1,2,21,2,4,2
58042211,3,22,-1,2,21,2,4,2
58042212,3,22,-1,2,21,2,4,2
58042213,3,22,-1,2,21,2,4,2
58042214,3,22,-1,2,21,2,4,2
58042215,3,22,-1,2,21,2,4,2
58042216,3,22,-1,2,21,2,4,2
58042217,3,22,-1,2,21,2,4,2
58042218,3,22,-1,2,21,2,4,2
58042219,3,22,-1,2,21,2,4,2
58042220,3,22,-1,2,21,2,4,2
58042221,3,22,-1,2,21,2,4,2
58042222,3,22,-1,2,21,2,4,2
58042223,3,22,-1,2,21,2,4,2
58042224,3,22,-1,2,21,2,4,2
58042225,3,22,-1,2,21,2,4,2
58042226,3,22,-1,2,21,2,4,2
58042227,3,22,-1,2,21,2,4,2
58042228,3,22,-1,2,21,2,4,2
58042229,3,22,-1,2,21,2,4,2
58042230,3,22,-1,2,21,2,4,2
58042231,3,22,-1,2,21,2,4,2
58042232,3,22,-1,2,21,2,4,2
58042233,3,22,-1,2,21,2,4,2
58042234,3,22,-1,2,21,2,4,2
58042501,3,25,-1,2,21,2,4,2
58042502,3,25,-1,2,21,2,4,2
58042503,3,25,-1,2,21,2,4,2
58042504,3,25,-1,2,21,2,4,2
58042505,3,25,-1,2,21,2,4,2
58042506,3,25,-1,2,21,2,4,2
58042507,3,25,-1,2,21,2,4,2
58042508,3,25,-1,2,21,2,4,2
58042509,3,25,-1,2,21,2,4,2
58042510,3,25,-1,2,21,2,4,2
58042511,3,25,-1,2,21,2,4,2
58042512,3,25,-1,2,21,2,4,2
58042513,3,25,-1,2,21,2,4,2
58042514,3,25,-1,2,21,2,4,2
58042515,3,25,-1,2,21,2,4,2
58042516,3,25,-1,2,21,2,4,2
58042517,3,25,-1,2,21,2,4,2
58042518,3,25,-1,2,21,2,4,2
58042519,3,25,-1,2,21,2,4,2
58042520,3,25,-1,2,21,2,4,2
58042521,3,25,-1,2,21,2,4,2
58042522,3,25,-1,2,21,2,4,2
58042523,3,25,-1,2,21,2,4,2
58042524,3,25,-1,2,21,2,4,2
58042525,3,25,-1,2,21,2,4,2
58042526,3,25,-1,2,21,2,4,2
58052201,3,22,-1,2,22,1,1,2
58052202,3,22,-1,2,22,1,1,2
58052203,3,22,-1,2,22,1,1,2
58052204,3,22,-1,2,22,1,1,2
58052205,3,22,-1,2,22,1,1,2
58052206,3,22,-1,2,22,1,1,2
58052207,3,22,-1,2,22,1,1,2
58052208,3,22,-1,2,22,1,1,2
58052209,3,22,-1,2,22,1,1,2
58052210,3,22,-1,2,22,1,1,2
58052211,3,22,-1,2,22,1,1,2
58052212,3,22,-1,2,22,1,1,2
58052213,3,22,-1,2,22,1,1,2
58052214,3,22,-1,2,22,1,1,2
58052215,3,22,-1,2,22,1,1,2
58052216,3,22,-1,2,22,1,1,2
58052217,3,22,-1,2,22,1,1,2
58052218,3,22,-1,2,22,1,1,2
58052219,3,22,-1,2,22,1,1,2
58052220,3,22,-1,2,22,1,1,2
58052221,3,22,-1,2,22,1,1,2
58052222,3,22,-1,2,22,1,1,2
58052223,3,22,-1,2,22,1,1,2
58052224,3,22,-1,2,22,1,1,2
58052225,3,22,-1,2,22,1,1,2
58052226,3,22,-1,2,22,1,1,2
58052227,3,22,-1,2,22,1,1,2
58052228,3,22,-1,2,22,1,1,2
58052229,3,22,-1,2,22,1,1,2
58052230,3,22,-1,2,22,1,1,2
58052231,3,22,-1,2,22,1,1,2
58052232,3,22,-1,2,22,1,1,2
58052233,3,22,-1,2,22,1,1,2
58052234,3,22,-1,2,22,1,1,2
58052235,3,22,-1,2,22,1,1,2
58052236,3,22,-1,2,22,1,1,2
58052301,3,23,-1,2,22,1,1,2
58052302,3,23,-1,2,22,1,1,2
58052303,3,23,-1,2,22,1,1,2
58052304,3,23,-1,2,22,1,1,2
58052305,3,23,-1,2,22,1,1,2
58052306,3,23,-1,2,22,1,1,2
58052307,3,23,-1,2,22,1,1,2
58052308,3,23,-1,2,22,1,1,2
58052309,3,23,-1,2,22,1,1,2
58052310,3,23,-1,2,22,1,1,2
58052311,3,23,-1,2,22,1,1,2
58052312,3,23,-1,2,22,1,1,2
58052313,3,23,-1,2,22,1,1,2
58052314,3,23,-1,2,22,1,1,2
58052315,3,23,-1,2,22,1,1,2
58052316,3,23,-1,2,22,1,1,2
58052317,3,23,-1,2,22,1,1,2
58052318,3,23,-1,2,22,1,1,2
58052319,3,23,-1,2,22,1,1,2
58052320,3,23,-1,2,22,1,1,2
58052321,3,23,-1,2,22,1,1,2
58052322,3,23,-1,2,22,1,1,2
58052323,3,23,-1,2,22,1,1,2
58052324,3,23,-1,2,22,1,1,2
58052325,3,23,-1,2,22,1,1,2
58052326,3,23,-1,2,22,1,1,2
58052327,3,23,-1,2,22,1,1,2
58052328,3,23,-1,2,22,1,1,2
58052329,3,23,-1,2,22,1,1,2
58052330,3,23,-1,2,22,1,1,2
58052331,3,23,-1,2,22,1,1,2
58052332,3,23,-1,2,22,1,1,2
58052333,3,23,-1,2,22,1,1,2
58052334,3,23,-1,2,22,1,1,2
58052335,3,23,-1,2,22,1,1,2
58052336,3,23,-1,2,22,1,1,2
58052337,3,23,-1,2,22,1,1,2
58052338,3,23,-1,2,22,1,1,2
58052339,3,23,-1,2,22,1,1,2
58052340,3,23,-1,2,22,1,1,2
58052341,3,23,-1,2,22,1,1,2
58062201,3,22,-1,2,22,1,2,2
58062202,3,22,-1,2,22,1,2,2
58062203,3,22,-1,2,22,1,2,2
58062204,3,22,-1,2,22,1,2,2
58062205,3,22,-1,2,22,1,2,2
58062206,3,22,-1,2,22,1,2,2
58062207,3,22,-1,2,22,1,2,2
58062208,3,22,-1,2,22,1,2,2
58062209,3,22,-1,2,22,1,2,2
58062210,3,22,-1,2,22,1,2,2
58062211,3,22,-1,2,22,1,2,2
58062212,3,22,-1,2,22,1,2,2
58062213,3,22,-1,2,22,1,2,2
58062214,3,22,-1,2,22,1,2,2
58062215,3,22,-1,2,22,1,2,2
58062216,3,22,-1,2,22,1,2,2
58062217,3,22,-1,2,22,1,2,2
58062218,3,22,-1,2,22,1,2,2
58062219,3,22,-1,2,22,1,2,2
58062220,3,22,-1,2,22,1,2,2
58062221,3,22,-1,2,22,1,2,2
58062222,3,22,-1,2,22,1,2,2
58062223,3,22,-1,2,22,1,2,2
58062224,3,22,-1,2,22,1,2,2
58062225,3,22,-1,2,22,1,2,2
58062226,3,22,-1,2,22,1,2,2
58062227,3,22,-1,2,22,1,2,2
58062228,3,22,-1,2,22,1,2,2
58062229,3,22,-1,2,22,1,2,2
58062230,3,22,-1,2,22,1,2,2
58062231,3,22,-1,2,22,1,2,2
58062232,3,22,-1,2,22,1,2,2
58062233,3,22,-1,2,22,1,2,2
58062234,3,22,-1,2,22,1,2,2
58062235,3,22,-1,2,22,1,2,2
58062236,3,22,-1,2,22,1,2,2
58062237,3,22,-1,2,22,1,2,2
58062238,3,22,-1,2,22,1,2,2
58062239,3,22,-1,2,22,1,2,2
58062301,3,23,-1,2,22,1,2,2
58062302,3,23,-1,2,22,1,2,2
58062303,3,23,-1,2,22,1,2,2
58062304,3,23,-1,2,22,1,2,2
58062305,3,23,-1,2,22,1,2,2
58062306,3,23,-1,2,22,1,2,2
58062307,3,23,-1,2,22,1,2,2
58062308,3,23,-1,2,22,1,2,2
58062309,3,23,-1,2,22,1,2,2
58062310,3,23,-1,2,22,1,2,2
58062311,3,23,-1,2,22,1,2,2
58062312,3,23,-1,2,22,1,2,2
58062313,3,23,-1,2,22,1,2,2
58062314,3,23,-1,2,22,1,2,2
58062315,3,23,-1,2,22,1,2,2
58062316,3,23,-1,2,22,1,2,2
58062317,3,23,-1,2,22,1,2,2
58062318,3,23,-1,2,22,1,2,2
58062319,3,23,-1,2,22,1,2,2
58062320,3,23,-1,2,22,1,2,2
58062321,3,23,-1,2,22,1,2,2
58062322,3,23,-1,2,22,1,2,2
58062323,3,23,-1,2,22,1,2,2
58062324,3,23,-1,2,22,1,2,2
58062325,3,23,-1,2,22,1,2,2
58062326,3,23,-1,2,22,1,2,2
58062327,3,23,-1,2,22,1,2,2
58062328,3,23,-1,2,22,1,2,2
58062329,3,23,-1,2,22,1,2,2
58062330,3,23,-1,2,22,1,2,2
58062331,3,23,-1,2,22,1,2,2
58062332,3,23,-1,2,22,1,2,2
58062333,3,23,-1,2,22,1,2,2
58062334,3,23,-1,2,22,1,2,2
58062335,3,23,-1,2,22,1,2,2
58062336,3,23,-1,2,22,1,2,2
58062337,3,23,-1,2,22,1,2,2
58062338,3,23,-1,2,22,1,2,2
58062339,3,23,-1,2,22,1,2,2
58062340,3,23,-1,2,22,1,2,2
58062341,3,23,-1,2,22,1,2,2
58072801,3,28,-1,2,22,1,3,2
58072802,3,28,-1,2,22,1,3,2
58072803,3,28,-1,2,22,1,3,2
58072804,3,28,-1,2,22,1,3,2
58072805,3,28,-1,2,22,1,3,2
58072806,3,28,-1,2,22,1,3,2
58072807,3,28,-1,2,22,1,3,2
58072808,3,28,-1,2,22,1,3,2
58072809,3,28,-1,2,22,1,3,2
58072810,3,28,-1,2,22,1,3,2
58072811,3,28,-1,2,22,1,3,2
58072812,3,28,-1,2,22,1,3,2
58072813,3,28,-1,2,22,1,3,2
58072814,3,28,-1,2,22,1,3,2
58072815,3,28,-1,2,22,1,3,2
58072816,3,28,-1,2,22,1,3,2
58072817,3,28,-1,2,22,1,3,2
58072818,3,28,-1,2,22,1,3,2
58072819,3,28,-1,2,22,1,3,2
58072820,3,28,-1,2,22,1,3,2
58072821,3,28,-1,2,22,1,3,2
58072822,3,28,-1,2,22,1,3,2
58072823,3,28,-1,2,22,1,3,2
58072824,3,28,-1,2,22,1,3,2
58072825,3,28,-1,2,22,1,3,2
58072826,3,28,-1,2,22,1,3,2
58072827,3,28,-1,2,22,1,3,2
58072828,3,28,-1,2,22,1,3,2
58072829,3,28,-1,2,22,1,3,2
58072830,3,28,-1,2,22,1,3,2
58072831,3,28,-1,2,22,1,3,2
58072832,3,28,-1,2,22,1,3,2
58072833,3,28,-1,2,22,1,3,2
58072834,3,28,-1,2,22,1,3,2
58072835,3,28,-1,2,22,1,3,2
58072836,3,28,-1,2,22,1,3,2
58072837,3,28,-1,2,22,1,3,2
58072838,3,28,-1,2,22,1,3,2
58072839,3,28,-1,2,22,1,3,2
58072840,3,28,-1,2,22,1,3,2
58072901,3,29,-1,2,22,1,3,2
58072902,3,29,-1,2,22,1,3,2
58072903,3,29,-1,2,22,1,3,2
58072904,3,29,-1,2,22,1,3,2
58072905,3,29,-1,2,22,1,3,2
58072906,3,29,-1,2,22,1,3,2
58072907,3,29,-1,2,22,1,3,2
58072908,3,29,-1,2,22,1,3,2
58072909,3,29,-1,2,22,1,3,2
58072910,3,29,-1,2,22,1,3,2
58072911,3,29,-1,2,22,1,3,2
58072912,3,29,-1,2,22,1,3,2
58072913,3,29,-1,2,22,1,3,2
58072914,3,29,-1,2,22,1,3,2
58072915,3,29,-1,2,22,1,3,2
58072916,3,29,-1,2,22,1,3,2
58072917,3,29,-1,2,22,1,3,2
58072918,3,29,-1,2,22,1,3,2
58072919,3,29,-1,2,22,1,3,2
58072920,3,29,-1,2,22,1,3,2
58072921,3,29,-1,2,22,1,3,2
58072922,3,29,-1,2,22,1,3,2
58072923,3,29,-1,2,22,1,3,2
58072924,3,29,-1,2,22,1,3,2
58072925,3,29,-1,2,22,1,3,2
58072926,3,29,-1,2,22,1,3,2
58072927,3,29,-1,2,22,1,3,2
58072928,3,29,-1,2,22,1,3,2
58072929,3,29,-1,2,22,1,3,2
58072930,3,29,-1,2,22,1,3,2
58072931,3,29,-1,2,22,1,3,2
58072932,3,29,-1,2,22,1,3,2
58072933,3,29,-1,2,22,1,3,2
58082801,3,28,-1,2,22,1,4,2
58082802,3,28,-1,2,22,1,4,2
58082803,3,28,-1,2,22,1,4,2
58082804,3,28,-1,2,22,1,4,2
58082805,3,28,-1,2,22,1,4,2
58082806,3,28,-1,2,22,1,4,2
58082807,3,28,-1,2,22,1,4,2
58082808,3,28,-1,2,22,1,4,2
58082809,3,28,-1,2,22,1,4,2
58082810,3,28,-1,2,22,1,4,2
58082811,3,28,-1,2,22,1,4,2
58082812,3,28,-1,2,22,1,4,2
58082813,3,28,-1,2,22,1,4,2
58082814,3,28,-1,2,22,1,4,2
58082815,3,28,-1,2,22,1,4,2
58082816,3,28,-1,2,22,1,4,2
58082817,3,28,-1,2,22,1,4,2
58082818,3,28,-1,2,22,1,4,2
58082819,3,28,-1,2,22,1,4,2
58082820,3,28,-1,2,22,1,4,2
58082821,3,28,-1,2,22,1,4,2
58082822,3,28,-1,2,22,1,4,2
58082823,3,28,-1,2,22,1,4,2
58082824,3,28,-1,2,22,1,4,2
58082825,3,28,-1,2,22,1,4,2
58082826,3,28,-1,2,22,1,4,2
58082827,3,28,-1,2,22,1,4,2
58082828,3,28,-1,2,22,1,4,2
58082829,3,28,-1,2,22,1,4,2
58082830,3,28,-1,2,22,1,4,2
58082831,3,28,-1,2,22,1,4,2
58082832,3,28,-1,2,22,1,4,2
58082833,3,28,-1,2,22,1,4,2
58082834,3,28,-1,2,22,1,4,2
58082835,3,28,-1,2,22,1,4,2
58082836,3,28,-1,2,22,1,4,2
58082837,3,28,-1,2,22,1,4,2
58082838,3,28,-1,2,22,1,4,2
58082901,3,29,-1,2,22,1,4,2
58082902,3,29,-1,2,22,1,4,2
58082903,3,29,-1,2,22,1,4,2
58082904,3,29,-1,2,22,1,4,2
58082905,3,29,-1,2,22,1,4,2
58082906,3,29,-1,2,22,1,4,2
58082907,3,29,-1,2,22,1,4,2
58082908,3,29,-1,2,22,1,4,2
58082909,3,29,-1,2,22,1,4,2
58082910,3,29,-1,2,22,1,4,2
58082911,3,29,-1,2,22,1,4,2
58082912,3,29,-1,2,22,1,4,2
58082913,3,29,-1,2,22,1,4,2
58082914,3,29,-1,2,22,1,4,2
58082915,3,29,-1,2,22,1,4,2
58082916,3,29,-1,2,22,1,4,2
58082917,3,29,-1,2,22,1,4,2
58082918,3,29,-1,2,22,1,4,2
58082919,3,29,-1,2,22,1,4,2
58082920,3,29,-1,2,22,1,4,2
58082921,3,29,-1,2,22,1,4,2
58082922,3,29,-1,2,22,1,4,2
58082923,3,29,-1,2,22,1,4,2
58082924,3,29,-1,2,22,1,4,2
58082925,3,29,-1,2,22,1,4,2
58082926,3,29,-1,2,22,1,4,2
58082927,3,29,-1,2,22,1,4,2
58082928,3,29,-1,2,22,1,4,2
58082929,3,29,-1,2,22,1,4,2
58082930,3,29,-1,2,22,1,4,2
58082931,3,29,-1,2,22,1,4,2
58092601,3,26,-1,2,23,2,3,2
58092602,3,26,-1,2,23,2,3,2
58092603,3,26,-1,2,23,2,3,2
58092604,3,26,-1,2,23,2,3,2
58092605,3,26,-1,2,23,2,3,2
58092606,3,26,-1,2,23,2,3,2
58092607,3,26,-1,2,23,2,3,2
58092608,3,26,-1,2,23,2,3,2
58092609,3,26,-1,2,23,2,3,2
58092610,3,26,-1,2,23,2,3,2
58092611,3,26,-1,2,23,2,3,2
58092612,3,26,-1,2,23,2,3,2
58092613,3,26,-1,2,23,2,3,2
58092614,3,26,-1,2,23,2,3,2
58092615,3,26,-1,2,23,2,3,2
58092616,3,26,-1,2,23,2,3,2
58092617,3,26,-1,2,23,2,3,2
58092618,3,26,-1,2,23,2,3,2
58092619,3,26,-1,2,23,2,3,2
58092620,3,26,-1,2,23,2,3,2
58092621,3,26,-1,2,23,2,3,2
58092622,3,26,-1,2,23,2,3,2
58092623,3,26,-1,2,23,2,3,2
58092624,3,26,-1,2,23,2,3,2
58092625,3,26,-1,2,23,2,3,2
58092626,3,26,-1,2,23,2,3,2
58092627,3,26,-1,2,23,2,3,2
58092628,3,26,-1,2,23,2,3,2
58092629,3,26,-1,2,23,2,3,2
58092630,3,26,-1,2,23,2,3,2
58092631,3,26,-1,2,23,2,3,2
58092632,3,26,-1,2,23,2,3,2
58092633,3,26,-1,2,23,2,3,2
58092634,3,26,-1,2,23,2,3,2
58092635,3,26,-1,2,23,2,3,2
58092636,3,26,-1,2,23,2,3,2
58092637,3,26,-1,2,23,2,3,2
58092701,3,27,-1,2,23,2,3,2
58092702,3,27,-1,2,23,2,3,2
58092703,3,27,-1,2,23,2,3,2
58092704,3,27,-1,2,23,2,3,2
58092705,3,27,-1,2,23,2,3,2
58092706,3,27,-1,2,23,2,3,2
58092707,3,27,-1,2,23,2,3,2
58092708,3,27,-1,2,23,2,3,2
58092709,3,27,-1,2,23,2,3,2
58092710,3,27,-1,2,23,2,3,2
58092711,3,27,-1,2,23,2,3,2
58092712,3,27,-1,2,23,2,3,2
58092713,3,27,-1,2,23,2,3,2
58092714,3,27,-1,2,23,2,3,2
58092715,3,27,-1,2,23,2,3,2
58092716,3,27,-1,2,23,2,3,2
58092717,3,27,-1,2,23,2,3,2
58092718,3,27,-1,2,23,2,3,2
58092719,3,27,-1,2,23,2,3,2
58092720,3,27,-1,2,23,2,3,2
58092721,3,27,-1,2,23,2,3,2
58092722,3,27,-1,2,23,2,3,2
58092723,3,27,-1,2,23,2,3,2
58092724,3,27,-1,2,23,2,3,2
58092725,3,27,-1,2,23,2,3,2
58092726,3,27,-1,2,23,2,3,2
58092727,3,27,-1,2,23,2,3,2
58092728,3,27,-1,2,23,2,3,2
58092729,3,27,-1,2,23,2,3,2
58092730,3,27,-1,2,23,2,3,2
58092731,3,27,-1,2,23,2,3,2
58092732,3,27,-1,2,23,2,3,2
58092733,3,27,-1,2,23,2,3,2
58092734,3,27,-1,2,23,2,3,2
58092735,3,27,-1,2,23,2,3,2
58092736,3,27,-1,2,23,2,3,2
58092737,3,27,-1,2,23,2,3,2
58092738,3,27,-1,2,23,2,3,2
58092739,3,27,-1,2,23,2,3,2
58092740,3,27,-1,2,23,2,3,2
58102601,3,26,-1,2,23,2,4,2
58102602,3,26,-1,2,23,2,4,2
58102603,3,26,-1,2,23,2,4,2
58102604,3,26,-1,2,23,2,4,2
58102605,3,26,-1,2,23,2,4,2
58102606,3,26,-1,2,23,2,4,2
58102607,3,26,-1,2,23,2,4,2
58102608,3,26,-1,2,23,2,4,2
58102609,3,26,-1,2,23,2,4,2
58102610,3,26,-1,2,23,2,4,2
58102611,3,26,-1,2,23,2,4,2
58102612,3,26,-1,2,23,2,4,2
58102613,3,26,-1,2,23,2,4,2
58102614,3,26,-1,2,23,2,4,2
58102615,3,26,-1,2,23,2,4,2
58102616,3,26,-1,2,23,2,4,2
58102617,3,26,-1,2,23,2,4,2
58102618,3,26,-1,2,23,2,4,2
58102619,3,26,-1,2,23,2,4,2
58102620,3,26,-1,2,23,2,4,2
58102621,3,26,-1,2,23,2,4,2
58102622,3,26,-1,2,23,2,4,2
58102623,3,26,-1,2,23,2,4,2
58102624,3,26,-1,2,23,2,4,2
58102625,3,26,-1,2,23,2,4,2
58102626,3,26,-1,2,23,2,4,2
58102627,3,26,-1,2,23,2,4,2
58102628,3,26,-1,2,23,2,4,2
58102629,3,26,-1,2,23,2,4,2
58102630,3,26,-1,2,23,2,4,2
58102631,3,26,-1,2,23,2,4,2
58102632,3,26,-1,2,23,2,4,2
58102633,3,26,-1,2,23,2,4,2
58102634,3,26,-1,2,23,2,4,2
58102635,3,26,-1,2,23,2,4,2
58102636,3,26,-1,2,23,2,4,2
58102637,3,26,-1,2,23,2,4,2
58102701,3,27,-1,2,23,2,4,2
58102702,3,27,-1,2,23,2,4,2
58102703,3,27,-1,2,23,2,4,2
58102704,3,27,-1,2,23,2,4,2
58102705,3,27,-1,2,23,2,4,2
58102706,3,27,-1,2,23,2,4,2
58102707,3,27,-1,2,23,2,4,2
58102708,3,27,-1,2,23,2,4,2
58102709,3,27,-1,2,23,2,4,2
58102710,3,27,-1,2,23,2,4,2
58102711,3,27,-1,2,23,2,4,2
58102712,3,27,-1,2,23,2,4,2
58102713,3,27,-1,2,23,2,4,2
58102714,3,27,-1,2,23,2,4,2
58102715,3,27,-1,2,23,2,4,2
58102716,3,27,-1,2,23,2,4,2
58102717,3,27,-1,2,23,2,4,2
58102718,3,27,-1,2,23,2,4,2
58102719,3,27,-1,2,23,2,4,2
58102720,3,27,-1,2,23,2,4,2
58102721,3,27,-1,2,23,2,4,2
58102722,3,27,-1,2,23,2,4,2
58102723,3,27,-1,2,23,2,4,2
58102724,3,27,-1,2,23,2,4,2
58102725,3,27,-1,2,23,2,4,2
58102726,3,27,-1,2,23,2,4,2
58102727,3,27,-1,2,23,2,4,2
58102728,3,27,-1,2,23,2,4,2
58102729,3,27,-1,2,23,2,4,2
58102730,3,27,-1,2,23,2,4,2
58102731,3,27,-1,2,23,2,4,2
58102732,3,27,-1,2,23,2,4,2
58102733,3,27,-1,2,23,2,4,2
58102734,3,27,-1,2,23,2,4,2
58102735,3,27,-1,2,23,2,4,2
58102736,3,27,-1,2,23,2,4,2
58102737,3,27,-1,2,23,2,4,2
58102738,3,27,-1,2,23,2,4,2
58102739,3,27,-1,2,23,2,4,2
58102740,3,27,-1,2,23,2,4,2
58102741,3,27,-1,2,23,2,4,2
58102742,3,27,-1,2,23,2,4,2
58102743,3,27,-1,2,23,2,4,2
58102744,3,27,-1,2,23,2,4,2
58102745,3,27,-1,2,23,2,4,2
58102746,3,27,-1,2,23,2,4,2
58102747,3,27,-1,2,23,2,4,2
58102748,3,27,-1,2,23,2,4,2
58102749,3,27,-1,2,23,2,4,2
58102750,3,27,-1,2,23,2,4,2
58102751,3,27,-1,2,23,2,4,2
58102752,3,27,-1,2,23,2,4,2
58112401,3,24,-1,2,24,1,3,2
58112402,3,24,-1,2,24,1,3,2
58112403,3,24,-1,2,24,1,3,2
58112404,3,24,-1,2,24,1,3,2
58112405,3,24,-1,2,24,1,3,2
58112406,3,24,-1,2,24,1,3,2
58112407,3,24,-1,2,24,1,3,2
58112408,3,24,-1,2,24,1,3,2
58112409,3,24,-1,2,24,1,3,2
58112410,3,24,-1,2,24,1,3,2
58112411,3,24,-1,2,24,1,3,2
58112412,3,24,-1,2,24,1,3,2
58112413,3,24,-1,2,24,1,3,2
58112414,3,24,-1,2,24,1,3,2
58112415,3,24,-1,2,24,1,3,2
58112416,3,24,-1,2,24,1,3,2
58112417,3,24,-1,2,24,1,3,2
58112418,3,24,-1,2,24,1,3,2
58112419,3,24,-1,2,24,1,3,2
58112420,3,24,-1,2,24,1,3,2
58112421,3,24,-1,2,24,1,3,2
58112422,3,24,-1,2,24,1,3,2
58112423,3,24,-1,2,24,1,3,2
58112424,3,24,-1,2,24,1,3,2
58112425,3,24,-1,2,24,1,3,2
58112426,3,24,-1,2,24,1,3,2
58112427,3,24,-1,2,24,1,3,2
58112428,3,24,-1,2,24,1,3,2
58112429,3,24,-1,2,24,1,3,2
58112430,3,24,-1,2,24,1,3,2
58112431,3,24,-1,2,24,1,3,2
58112432,3,24,-1,2,24,1,3,2
58112433,3,24,-1,2,24,1,3,2
58112434,3,24,-1,2,24,1,3,2
58112435,3,24,-1,2,24,1,3,2
58112436,3,24,-1,2,24,1,3,2
58112437,3,24,-1,2,24,1,3,2
58112438,3,24,-1,2,24,1,3,2
58112439,3,24,-1,2,24,1,3,2
58112501,3,25,-1,2,24,1,3,2
58112502,3,25,-1,2,24,1,3,2
58112503,3,25,-1,2,24,1,3,2
58112504,3,25,-1,2,24,1,3,2
58112505,3,25,-1,2,24,1,3,2
58112506,3,25,-1,2,24,1,3,2
58112507,3,25,-1,2,24,1,3,2
58112508,3,25,-1,2,24,1,3,2
58112509,3,25,-1,2,24,1,3,2
58112510,3,25,-1,2,24,1,3,2
58112511,3,25,-1,2,24,1,3,2
58112512,3,25,-1,2,24,1,3,2
58112513,3,25,-1,2,24,1,3,2
58112514,3,25,-1,2,24,1,3,2
58112515,3,25,-1,2,24,1,3,2
58112516,3,25,-1,2,24,1,3,2
58112517,3,25,-1,2,24,1,3,2
58112518,3,25,-1,2,24,1,3,2
58112519,3,25,-1,2,24,1,3,2
58112520,3,25,-1,2,24,1,3,2
58112521,3,25,-1,2,24,1,3,2
58112522,3,25,-1,2,24,1,3,2
58112523,3,25,-1,2,24,1,3,2
58112524,3,25,-1,2,24,1,3,2
58112525,3,25,-1,2,24,1,3,2
58112526,3,25,-1,2,24,1,3,2
58112527,3,25,-1,2,24,1,3,2
58112528,3,25,-1,2,24,1,3,2
58112529,3,25,-1,2,24,1,3,2
58112530,3,25,-1,2,24,1,3,2
58112531,3,25,-1,2,24,1,3,2
58112532,3,25,-1,2,24,1,3,2
58112533,3,25,-1,2,24,1,3,2
58112534,3,25,-1,2,24,1,3,2
58112535,3,25,-1,2,24,1,3,2
58112536,3,25,-1,2,24,1,3,2
58112537,3,25,-1,2,24,1,3,2
58112538,3,25,-1,2,24,1,3,2
58112539,3,25,-1,2,24,1,3,2
58122401,3,24,-1,2,24,1,4,2
58122402,3,24,-1,2,24,1,4,2
58122403,3,24,-1,2,24,1,4,2
58122404,3,24,-1,2,24,1,4,2
58122405,3,24,-1,2,24,1,4,2
58122406,3,24,-1,2,24,1,4,2
58122407,3,24,-1,2,24,1,4,2
58122408,3,24,-1,2,24,1,4,2
58122409,3,24,-1,2,24,1,4,2
58122410,3,24,-1,2,24,1,4,2
58122411,3,24,-1,2,24,1,4,2
58122412,3,24,-1,2,24,1,4,2
58122413,3,24,-1,2,24,1,4,2
58122414,3,24,-1,2,24,1,4,2
58122415,3,24,-1,2,24,1,4,2
58122416,3,24,-1,2,24,1,4,2
58122417,3,24,-1,2,24,1,4,2
58122418,3,24,-1,2,24,1,4,2
58122419,3,24,-1,2,24,1,4,2
58122420,3,24,-1,2,24,1,4,2
58122421,3,24,-1,2,24,1,4,2
58122422,3,24,-1,2,24,1,4,2
58122423,3,24,-1,2,24,1,4,2
58122424,3,24,-1,2,24,1,4,2
58122425,3,24,-1,2,24,1,4,2
58122426,3,24,-1,2,24,1,4,2
58122427,3,24,-1,2,24,1,4,2
58122428,3,24,-1,2,24,1,4,2
58122429,3,24,-1,2,24,1,4,2
58122430,3,24,-1,2,24,1,4,2
58122431,3,24,-1,2,24,1,4,2
58122432,3,24,-1,2,24,1,4,2
58122433,3,24,-1,2,24,1,4,2
58122434,3,24,-1,2,24,1,4,2
58122435,3,24,-1,2,24,1,4,2
58122436,3,24,-1,2,24,1,4,2
58122437,3,24,-1,2,24,1,4,2
58122438,3,24,-1,2,24,1,4,2
58122439,3,24,-1,2,24,1,4,2
58122440,3,24,-1,2,24,1,4,2
58122501,3,25,-1,2,24,1,4,2
58122502,3,25,-1,2,24,1,4,2
58122503,3,25,-1,2,24,1,4,2
58122504,3,25,-1,2,24,1,4,2
58122505,3,25,-1,2,24,1,4,2
58122506,3,25,-1,2,24,1,4,2
58122507,3,25,-1,2,24,1,4,2
58122508,3,25,-1,2,24,1,4,2
58122509,3,25,-1,2,24,1,4,2
58122510,3,25,-1,2,24,1,4,2
58122511,3,25,-1,2,24,1,4,2
58122512,3,25,-1,2,24,1,4,2
58122513,3,25,-1,2,24,1,4,2
58122514,3,25,-1,2,24,1,4,2
58122515,3,25,-1,2,24,1,4,2
58122516,3,25,-1,2,24,1,4,2
58122517,3,25,-1,2,24,1,4,2
58122518,3,25,-1,2,24,1,4,2
58122519,3,25,-1,2,24,1,4,2
58122520,3,25,-1,2,24,1,4,2
58122521,3,25,-1,2,24,1,4,2
58122522,3,25,-1,2,24,1,4,2
58122523,3,25,-1,2,24,1,4,2
58122524,3,25,-1,2,24,1,4,2
58122525,3,25,-1,2,24,1,4,2
58122526,3,25,-1,2,24,1,4,2
58122527,3,25,-1,2,24,1,4,2
58122528,3,25,-1,2,24,1,4,2
58122529,3,25,-1,2,24,1,4,2
58122530,3,25,-1,2,24,1,4,2
58122531,3,25,-1,2,24,1,4,2
58122532,3,25,-1,2,24,1,4,2
58122533,3,25,-1,2,24,1,4,2
58122534,3,25,-1,2,24,1,4,2
58122535,3,25,-1,2,24,1,4,2
58122536,3,25,-1,2,24,1,4,2
58122537,3,25,-1,2,24,1,4,2
58122538,3,25,-1,2,24,1,4,2
58122539,3,25,-1,2,24,1,4,2
58133001,3,30,-1,2,24,1,3,2
58133002,3,30,-1,2,24,1,3,2
58133003,3,30,-1,2,24,1,3,2
58133004,3,30,-1,2,24,1,3,2
58133005,3,30,-1,2,24,1,3,2
58133006,3,30,-1,2,24,1,3,2
58133007,3,30,-1,2,24,1,3,2
58133008,3,30,-1,2,24,1,3,2
58133009,3,30,-1,2,24,1,3,2
58133010,3,30,-1,2,24,1,3,2
58133011,3,30,-1,2,24,1,3,2
58133012,3,30,-1,2,24,1,3,2
58133013,3,30,-1,2,24,1,3,2
58133014,3,30,-1,2,24,1,3,2
58133015,3,30,-1,2,24,1,3,2
58133016,3,30,-1,2,24,1,3,2
58133017,3,30,-1,2,24,1,3,2
58133018,3,30,-1,2,24,1,3,2
58133019,3,30,-1,2,24,1,3,2
58133020,3,30,-1,2,24,1,3,2
58133021,3,30,-1,2,24,1,3,2
58133022,3,30,-1,2,24,1,3,2
58133023,3,30,-1,2,24,1,3,2
58133024,3,30,-1,2,24,1,3,2
58133025,3,30,-1,2,24,1,3,2
58133026,3,30,-1,2,24,1,3,2
58133027,3,30,-1,2,24,1,3,2
58133028,3,30,-1,2,24,1,3,2
58133029,3,30,-1,2,24,1,3,2
58133030,3,30,-1,2,24,1,3,2
58133031,3,30,-1,2,24,1,3,2
58133032,3,30,-1,2,24,1,3,2
58133033,3,30,-1,2,24,1,3,2
58133034,3,30,-1,2,24,1,3,2
58133035,3,30,-1,2,24,1,3,2
58133036,3,30,-1,2,24,1,3,2
58133037,3,30,-1,2,24,1,3,2
58133038,3,30,-1,2,24,1,3,2
58133101,3,31,-1,2,24,1,3,2
58133102,3,31,-1,2,24,1,3,2
58133103,3,31,-1,2,24,1,3,2
58133104,3,31,-1,2,24,1,3,2
58133105,3,31,-1,2,24,1,3,2
58133106,3,31,-1,2,24,1,3,2
58133107,3,31,-1,2,24,1,3,2
58133108,3,31,-1,2,24,1,3,2
58133109,3,31,-1,2,24,1,3,2
58133110,3,31,-1,2,24,1,3,2
58133111,3,31,-1,2,24,1,3,2
58133112,3,31,-1,2,24,1,3,2
58133113,3,31,-1,2,24,1,3,2
58133114,3,31,-1,2,24,1,3,2
58133115,3,31,-1,2,24,1,3,2
58133116,3,31,-1,2,24,1,3,2
58133117,3,31,-1,2,24,1,3,2
58133118,3,31,-1,2,24,1,3,2
58133119,3,31,-1,2,24,1,3,2
58133120,3,31,-1,2,24,1,3,2
58133121,3,31,-1,2,24,1,3,2
58133122,3,31,-1,2,24,1,3,2
58133123,3,31,-1,2,24,1,3,2
58133124,3,31,-1,2,24,1,3,2
58133125,3,31,-1,2,24,1,3,2
58133126,3,31,-1,2,24,1,3,2
58133127,3,31,-1,2,24,1,3,2
58133128,3,31,-1,2,24,1,3,2
58133129,3,31,-1,2,24,1,3,2
58133130,3,31,-1,2,24,1,3,2
58143001,3,30,-1,2,24,1,4,2
58143002,3,30,-1,2,24,1,4,2
58143003,3,30,-1,2,24,1,4,2
58143004,3,30,-1,2,24,1,4,2
58143005,3,30,-1,2,24,1,4,2
58143006,3,30,-1,2,24,1,4,2
58143007,3,30,-1,2,24,1,4,2
58143008,3,30,-1,2,24,1,4,2
58143009,3,30,-1,2,24,1,4,2
58143010,3,30,-1,2,24,1,4,2
58143011,3,30,-1,2,24,1,4,2
58143012,3,30,-1,2,24,1,4,2
58143013,3,30,-1,2,24,1,4,2
58143014,3,30,-1,2,24,1,4,2
58143015,3,30,-1,2,24,1,4,2
58143016,3,30,-1,2,24,1,4,2
58143017,3,30,-1,2,24,1,4,2
58143018,3,30,-1,2,24,1,4,2
58143019,3,30,-1,2,24,1,4,2
58143020,3,30,-1,2,24,1,4,2
58143021,3,30,-1,2,24,1,4,2
58143022,3,30,-1,2,24,1,4,2
58143023,3,30,-1,2,24,1,4,2
58143024,3,30,-1,2,24,1,4,2
58143025,3,30,-1,2,24,1,4,2
58143026,3,30,-1,2,24,1,4,2
58143027,3,30,-1,2,24,1,4,2
58143028,3,30,-1,2,24,1,4,2
58143029,3,30,-1,2,24,1,4,2
58143030,3,30,-1,2,24,1,4,2
58143031,3,30,-1,2,24,1,4,2
58143032,3,30,-1,2,24,1,4,2
58143033,3,30,-1,2,24,1,4,2
58143034,3,30,-1,2,24,1,4,2
58143035,3,30,-1,2,24,1,4,2
58143036,3,30,-1,2,24,1,4,2
58143037,3,30,-1,2,24,1,4,2
58143038,3,30,-1,2,24,1,4,2
58143101,3,31,-1,2,24,1,4,2
58143102,3,31,-1,2,24,1,4,2
58143103,3,31,-1,2,24,1,4,2
58143104,3,31,-1,2,24,1,4,2
58143105,3,31,-1,2,24,1,4,2
58143106,3,31,-1,2,24,1,4,2
58143107,3,31,-1,2,24,1,4,2
58143108,3,31,-1,2,24,1,4,2
58143109,3,31,-1,2,24,1,4,2
58143110,3,31,-1,2,24,1,4,2
58143111,3,31,-1,2,24,1,4,2
58143112,3,31,-1,2,24,1,4,2
58143113,3,31,-1,2,24,1,4,2
58143114,3,31,-1,2,24,1,4,2
58143115,3,31,-1,2,24,1,4,2
58143116,3,31,-1,2,24,1,4,2
58143117,3,31,-1,2,24,1,4,2
58143118,3,31,-1,2,24,1,4,2
58143119,3,31,-1,2,24,1,4,2
58143120,3,31,-1,2,24,1,4,2
58143121,3,31,-1,2,24,1,4,2
58143122,3,31,-1,2,24,1,4,2
58143123,3,31,-1,2,24,1,4,2
58143124,3,31,-1,2,24,1,4,2
58143125,3,31,-1,2,24,1,4,2
58152801,3,28,-1,2,25,2,1,2
58152802,3,28,-1,2,25,2,1,2
58152803,3,28,-1,2,25,2,1,2
58152804,3,28,-1,2,25,2,1,2
58152805,3,28,-1,2,25,2,1,2
58152806,3,28,-1,2,25,2,1,2
58152807,3,28,-1,2,25,2,1,2
58152808,3,28,-1,2,25,2,1,2
58152809,3,28,-1,2,25,2,1,2
58152810,3,28,-1,2,25,2,1,2
58152811,3,28,-1,2,25,2,1,2
58152812,3,28,-1,2,25,2,1,2
58152813,3,28,-1,2,25,2,1,2
58152814,3,28,-1,2,25,2,1,2
58152815,3,28,-1,2,25,2,1,2
58152816,3,28,-1,2,25,2,1,2
58152817,3,28,-1,2,25,2,1,2
58152818,3,28,-1,2,25,2,1,2
58152819,3,28,-1,2,25,2,1,2
58152820,3,28,-1,2,25,2,1,2
58152821,3,28,-1,2,25,2,1,2
58152822,3,28,-1,2,25,2,1,2
58152823,3,28,-1,2,25,2,1,2
58152824,3,28,-1,2,25,2,1,2
58152825,3,28,-1,2,25,2,1,2
58152826,3,28,-1,2,25,2,1,2
58152827,3,28,-1,2,25,2,1,2
58152828,3,28,-1,2,25,2,1,2
58152829,3,28,-1,2,25,2,1,2
58152830,3,28,-1,2,25,2,1,2
58152831,3,28,-1,2,25,2,1,2
58152832,3,28,-1,2,25,2,1,2
58152833,3,28,-1,2,25,2,1,2
58152834,3,28,-1,2,25,2,1,2
58152835,3,28,-1,2,25,2,1,2
58152836,3,28,-1,2,25,2,1,2
58152837,3,28,-1,2,25,2,1,2
58152838,3,28,-1,2,25,2,1,2
58152901,3,29,-1,2,25,2,1,2
58152902,3,29,-1,2,25,2,1,2
58152903,3,29,-1,2,25,2,1,2
58152904,3,29,-1,2,25,2,1,2
58152905,3,29,-1,2,25,2,1,2
58152906,3,29,-1,2,25,2,1,2
58152907,3,29,-1,2,25,2,1,2
58152908,3,29,-1,2,25,2,1,2
58152909,3,29,-1,2,25,2,1,2
58152910,3,29,-1,2,25,2,1,2
58152911,3,29,-1,2,25,2,1,2
58152912,3,29,-1,2,25,2,1,2
58152913,3,29,-1,2,25,2,1,2
58152914,3,29,-1,2,25,2,1,2
58152915,3,29,-1,2,25,2,1,2
58152916,3,29,-1,2,25,2,1,2
58152917,3,29,-1,2,25,2,1,2
58152918,3,29,-1,2,25,2,1,2
58152919,3,29,-1,2,25,2,1,2
58152920,3,29,-1,2,25,2,1,2
58152921,3,29,-1,2,25,2,1,2
58152922,3,29,-1,2,25,2,1,2
58152923,3,29,-1,2,25,2,1,2
58152924,3,29,-1,2,25,2,1,2
58152925,3,29,-1,2,25,2,1,2
58152926,3,29,-1,2,25,2,1,2
58152927,3,29,-1,2,25,2,1,2
58152928,3,29,-1,2,25,2,1,2
58152929,3,29,-1,2,25,2,1,2
58152930,3,29,-1,2,25,2,1,2
58152931,3,29,-1,2,25,2,1,2
58152932,3,29,-1,2,25,2,1,2
58152933,3,29,-1,2,25,2,1,2
58152934,3,29,-1,2,25,2,1,2
58152935,3,29,-1,2,25,2,1,2
58152936,3,29,-1,2,25,2,1,2
58152937,3,29,-1,2,25,2,1,2
58152938,3,29,-1,2,25,2,1,2
58152939,3,29,-1,2,25,2,1,2
58152940,3,29,-1,2,25,2,1,2
58152941,3,29,-1,2,25,2,1,2
58152942,3,29,-1,2,25,2,1,2
58162801,3,28,-1,2,25,2,2,2
58162802,3,28,-1,2,25,2,2,2
58162803,3,28,-1,2,25,2,2,2
58162804,3,28,-1,2,25,2,2,2
58162805,3,28,-1,2,25,2,2,2
58162806,3,28,-1,2,25,2,2,2
58162807,3,28,-1,2,25,2,2,2
58162808,3,28,-1,2,25,2,2,2
58162809,3,28,-1,2,25,2,2,2
58162810,3,28,-1,2,25,2,2,2
58162811,3,28,-1,2,25,2,2,2
58162812,3,28,-1,2,25,2,2,2
58162813,3,28,-1,2,25,2,2,2
58162814,3,28,-1,2,25,2,2,2
58162815,3,28,-1,2,25,2,2,2
58162816,3,28,-1,2,25,2,2,2
58162817,3,28,-1,2,25,2,2,2
58162818,3,28,-1,2,25,2,2,2
58162819,3,28,-1,2,25,2,2,2
58162820,3,28,-1,2,25,2,2,2
58162821,3,28,-1,2,25,2,2,2
58162822,3,28,-1,2,25,2,2,2
58162823,3,28,-1,2,25,2,2,2
58162824,3,28,-1,2,25,2,2,2
58162825,3,28,-1,2,25,2,2,2
58162826,3,28,-1,2,25,2,2,2
58162827,3,28,-1,2,25,2,2,2
58162828,3,28,-1,2,25,2,2,2
58162829,3,28,-1,2,25,2,2,2
58162830,3,28,-1,2,25,2,2,2
58162831,3,28,-1,2,25,2,2,2
58162832,3,28,-1,2,25,2,2,2
58162833,3,28,-1,2,25,2,2,2
58162834,3,28,-1,2,25,2,2,2
58162835,3,28,-1,2,25,2,2,2
58162836,3,28,-1,2,25,2,2,2
58162837,3,28,-1,2,25,2,2,2
58162838,3,28,-1,2,25,2,2,2
58162839,3,28,-1,2,25,2,2,2
58162840,3,28,-1,2,25,2,2,2
58162901,3,29,-1,2,25,2,2,2
58162902,3,29,-1,2,25,2,2,2
58162903,3,29,-1,2,25,2,2,2
58162904,3,29,-1,2,25,2,2,2
58162905,3,29,-1,2,25,2,2,2
58162906,3,29,-1,2,25,2,2,2
58162907,3,29,-1,2,25,2,2,2
58162908,3,29,-1,2,25,2,2,2
58162909,3,29,-1,2,25,2,2,2
58162910,3,29,-1,2,25,2,2,2
58162911,3,29,-1,2,25,2,2,2
58162912,3,29,-1,2,25,2,2,2
58162913,3,29,-1,2,25,2,2,2
58162914,3,29,-1,2,25,2,2,2
58162915,3,29,-1,2,25,2,2,2
58162916,3,29,-1,2,25,2,2,2
58162917,3,29,-1,2,25,2,2,2
58162918,3,29,-1,2,25,2,2,2
58162919,3,29,-1,2,25,2,2,2
58162920,3,29,-1,2,25,2,2,2
58162921,3,29,-1,2,25,2,2,2
58162922,3,29,-1,2,25,2,2,2
58162923,3,29,-1,2,25,2,2,2
58162924,3,29,-1,2,25,2,2,2
58162925,3,29,-1,2,25,2,2,2
58162926,3,29,-1,2,25,2,2,2
58162927,3,29,-1,2,25,2,2,2
58162928,3,29,-1,2,25,2,2,2
58162929,3,29,-1,2,25,2,2,2
58162930,3,29,-1,2,25,2,2,2
58162931,3,29,-1,2,25,2,2,2
58162932,3,29,-1,2,25,2,2,2
58162933,3,29,-1,2,25,2,2,2
58162934,3,29,-1,2,25,2,2,2
58162935,3,29,-1,2,25,2,2,2
58162936,3,29,-1,2,25,2,2,2
58162937,3,29,-1,2,25,2,2,2
58162938,3,29,-1,2,25,2,2,2
58162939,3,29,-1,2,25,2,2,2
58162940,3,29,-1,2,25,2,2,2
58162941,3,29,-1,2,25,2,2,2
58173001,3,30,-1,2,25,2,3,2
58173002,3,30,-1,2,25,2,3,2
58173003,3,30,-1,2,25,2,3,2
58173004,3,30,-1,2,25,2,3,2
58173005,3,30,-1,2,25,2,3,2
58173006,3,30,-1,2,25,2,3,2
58173101,3,31,-1,2,25,2,3,2
58173102,3,31,-1,2,25,2,3,2
58173103,3,31,-1,2,25,2,3,2
58173104,3,31,-1,2,25,2,3,2
58173105,3,31,-1,2,25,2,3,2
58173106,3,31,-1,2,25,2,3,2
58173107,3,31,-1,2,25,2,3,2
58173108,3,31,-1,2,25,2,3,2
58173109,3,31,-1,2,25,2,3,2
58173110,3,31,-1,2,25,2,3,2
58173111,3,31,-1,2,25,2,3,2
58173112,3,31,-1,2,25,2,3,2
58173113,3,31,-1,2,25,2,3,2
58173114,3,31,-1,2,25,2,3,2
58173115,3,31,-1,2,25,2,3,2
58173116,3,31,-1,2,25,2,3,2
58173117,3,31,-1,2,25,2,3,2
58173118,3,31,-1,2,25,2,3,2
58173119,3,31,-1,2,25,2,3,2
58173120,3,31,-1,2,25,2,3,2
58173121,3,31,-1,2,25,2,3,2
58173122,3,31,-1,2,25,2,3,2
58173123,3,31,-1,2,25,2,3,2
58173124,3,31,-1,2,25,2,3,2
58173125,3,31,-1,2,25,2,3,2
58173126,3,31,-1,2,25,2,3,2
58173127,3,31,-1,2,25,2,3,2
58173128,3,31,-1,2,25,2,3,2
58173129,3,31,-1,2,25,2,3,2
58173130,3,31,-1,2,25,2,3,2
58173131,3,31,-1,2,25,2,3,2
58173132,3,31,-1,2,25,2,3,2
58173133,3,31,-1,2,25,2,3,2
58173134,3,31,-1,2,25,2,3,2
58173135,3,31,-1,2,25,2,3,2
58173136,3,31,-1,2,25,2,3,2
58173137,3,31,-1,2,25,2,3,2
58173138,3,31,-1,2,25,2,3,2
58173139,3,31,-1,2,25,2,3,2
58183001,3,30,-1,2,25,2,4,2
58183002,3,30,-1,2,25,2,4,2
58183003,3,30,-1,2,25,2,4,2
58183004,3,30,-1,2,25,2,4,2
58183005,3,30,-1,2,25,2,4,2
58183006,3,30,-1,2,25,2,4,2
58183007,3,30,-1,2,25,2,4,2
58183008,3,30,-1,2,25,2,4,2
58183009,3,30,-1,2,25,2,4,2
58183010,3,30,-1,2,25,2,4,2
58183011,3,30,-1,2,25,2,4,2
58183012,3,30,-1,2,25,2,4,2
58183013,3,30,-1,2,25,2,4,2
58183014,3,30,-1,2,25,2,4,2
58183015,3,30,-1,2,25,2,4,2
58183016,3,30,-1,2,25,2,4,2
58183017,3,30,-1,2,25,2,4,2
58183018,3,30,-1,2,25,2,4,2
58183019,3,30,-1,2,25,2,4,2
58183020,3,30,-1,2,25,2,4,2
58183021,3,30,-1,2,25,2,4,2
58183022,3,30,-1,2,25,2,4,2
58183023,3,30,-1,2,25,2,4,2
58183024,3,30,-1,2,25,2,4,2
58183025,3,30,-1,2,25,2,4,2
58183026,3,30,-1,2,25,2,4,2
58183027,3,30,-1,2,25,2,4,2
58183028,3,30,-1,2,25,2,4,2
58183029,3,30,-1,2,25,2,4,2
58183030,3,30,-1,2,25,2,4,2
58183031,3,30,-1,2,25,2,4,2
58183032,3,30,-1,2,25,2,4,2
58183033,3,30,-1,2,25,2,4,2
58183034,3,30,-1,2,25,2,4,2
58183035,3,30,-1,2,25,2,4,2
58183036,3,30,-1,2,25,2,4,2
58183037,3,30,-1,2,25,2,4,2
58183101,3,31,-1,2,25,2,4,2
58183102,3,31,-1,2,25,2,4,2
58183103,3,31,-1,2,25,2,4,2
58183104,3,31,-1,2,25,2,4,2
58183105,3,31,-1,2,25,2,4,2
58183106,3,31,-1,2,25,2,4,2
58183107,3,31,-1,2,25,2,4,2
58183108,3,31,-1,2,25,2,4,2
58183109,3,31,-1,2,25,2,4,2
58183110,3,31,-1,2,25,2,4,2
58183111,3,31,-1,2,25,2,4,2
58183112,3,31,-1,2,25,2,4,2
58183113,3,31,-1,2,25,2,4,2
58183114,3,31,-1,2,25,2,4,2
58183115,3,31,-1,2,25,2,4,2
58183116,3,31,-1,2,25,2,4,2
58183117,3,31,-1,2,25,2,4,2
58183118,3,31,-1,2,25,2,4,2
58183119,3,31,-1,2,25,2,4,2
58183120,3,31,-1,2,25,2,4,2
58183121,3,31,-1,2,25,2,4,2
58183122,3,31,-1,2,25,2,4,2
58183123,3,31,-1,2,25,2,4,2
58183124,3,31,-1,2,25,2,4,2
58183125,3,31,-1,2,25,2,4,2
58183126,3,31,-1,2,25,2,4,2
58183127,3,31,-1,2,25,2,4,2
58183128,3,31,-1,2,25,2,4,2
58183129,3,31,-1,2,25,2,4,2
58183130,3,31,-1,2,25,2,4,2
58183131,3,31,-1,2,25,2,4,2
58183132,3,31,-1,2,25,2,4,2
58183133,3,31,-1,2,25,2,4,2
58183134,3,31,-1,2,25,2,4,2
58183135,3,31,-1,2,25,2,4,2
58183136,3,31,-1,2,25,2,4,2
58183137,3,31,-1,2,25,2,4,2
58183138,3,31,-1,2,25,2,4,2
58183139,3,31,-1,2,25,2,4,2
58183140,3,31,-1,2,25,2,4,2
58192601,3,26,-1,2,26,1,3,2
58192602,3,26,-1,2,26,1,3,2
58192603,3,26,-1,2,26,1,3,2
58192604,3,26,-1,2,26,1,3,2
58192605,3,26,-1,2,26,1,3,2
58192606,3,26,-1,2,26,1,3,2
58192607,3,26,-1,2,26,1,3,2
58192608,3,26,-1,2,26,1,3,2
58192609,3,26,-1,2,26,1,3,2
58192610,3,26,-1,2,26,1,3,2
58192611,3,26,-1,2,26,1,3,2
58192612,3,26,-1,2,26,1,3,2
58192613,3,26,-1,2,26,1,3,2
58192614,3,26,-1,2,26,1,3,2
58192615,3,26,-1,2,26,1,3,2
58192616,3,26,-1,2,26,1,3,2
58192617,3,26,-1,2,26,1,3,2
58192618,3,26,-1,2,26,1,3,2
58192619,3,26,-1,2,26,1,3,2
58192620,3,26,-1,2,26,1,3,2
58192621,3,26,-1,2,26,1,3,2
58192622,3,26,-1,2,26,1,3,2
58192623,3,26,-1,2,26,1,3,2
58192624,3,26,-1,2,26,1,3,2
58192625,3,26,-1,2,26,1,3,2
58192626,3,26,-1,2,26,1,3,2
58192627,3,26,-1,2,26,1,3,2
58192628,3,26,-1,2,26,1,3,2
58192629,3,26,-1,2,26,1,3,2
58192630,3,26,-1,2,26,1,3,2
58192631,3,26,-1,2,26,1,3,2
58192632,3,26,-1,2,26,1,3,2
58192633,3,26,-1,2,26,1,3,2
58192634,3,26,-1,2,26,1,3,2
58192635,3,26,-1,2,26,1,3,2
58192636,3,26,-1,2,26,1,3,2
58192637,3,26,-1,2,26,1,3,2
58192701,3,27,-1,2,26,1,3,2
58192702,3,27,-1,2,26,1,3,2
58192703,3,27,-1,2,26,1,3,2
58192704,3,27,-1,2,26,1,3,2
58192705,3,27,-1,2,26,1,3,2
58192706,3,27,-1,2,26,1,3,2
58192707,3,27,-1,2,26,1,3,2
58192708,3,27,-1,2,26,1,3,2
58192709,3,27,-1,2,26,1,3,2
58192710,3,27,-1,2,26,1,3,2
58192711,3,27,-1,2,26,1,3,2
58192712,3,27,-1,2,26,1,3,2
58192713,3,27,-1,2,26,1,3,2
58192714,3,27,-1,2,26,1,3,2
58192715,3,27,-1,2,26,1,3,2
58192716,3,27,-1,2,26,1,3,2
58192717,3,27,-1,2,26,1,3,2
58192718,3,27,-1,2,26,1,3,2
58192719,3,27,-1,2,26,1,3,2
58192720,3,27,-1,2,26,1,3,2
58192721,3,27,-1,2,26,1,3,2
58192722,3,27,-1,2,26,1,3,2
58192723,3,27,-1,2,26,1,3,2
58192724,3,27,-1,2,26,1,3,2
58192725,3,27,-1,2,26,1,3,2
58192726,3,27,-1,2,26,1,3,2
58192727,3,27,-1,2,26,1,3,2
58192728,3,27,-1,2,26,1,3,2
58192729,3,27,-1,2,26,1,3,2
58192730,3,27,-1,2,26,1,3,2
58192731,3,27,-1,2,26,1,3,2
58192732,3,27,-1,2,26,1,3,2
58192733,3,27,-1,2,26,1,3,2
58192734,3,27,-1,2,26,1,3,2
58192735,3,27,-1,2,26,1,3,2
58192736,3,27,-1,2,26,1,3,2
58192737,3,27,-1,2,26,1,3,2
58192738,3,27,-1,2,26,1,3,2
58192739,3,27,-1,2,26,1,3,2
58192740,3,27,-1,2,26,1,3,2
58192741,3,27,-1,2,26,1,3,2
58202601,3,26,-1,2,26,1,4,2
58202602,3,26,-1,2,26,1,4,2
58202701,3,27,-1,2,26,1,4,2
58202702,3,27,-1,2,26,1,4,2
